-- --------------------------------------------------------
-- Хост:                         localhost
-- Версия сервера:               10.1.19-MariaDB - mariadb.org binary distribution
-- Операционная система:         Win64
-- HeidiSQL Версия:              11.2.0.6213
-- --------------------------------------------------------

/*!40101 SET @OLD_CHARACTER_SET_CLIENT=@@CHARACTER_SET_CLIENT */;
/*!40101 SET NAMES utf8 */;
/*!50503 SET NAMES utf8mb4 */;
/*!40014 SET @OLD_FOREIGN_KEY_CHECKS=@@FOREIGN_KEY_CHECKS, FOREIGN_KEY_CHECKS=0 */;
/*!40101 SET @OLD_SQL_MODE=@@SQL_MODE, SQL_MODE='NO_AUTO_VALUE_ON_ZERO' */;
/*!40111 SET @OLD_SQL_NOTES=@@SQL_NOTES, SQL_NOTES=0 */;

-- Дамп структуры для таблица onlinetest.auth
CREATE TABLE IF NOT EXISTS `auth` (
  `id` int(11) NOT NULL AUTO_INCREMENT,
  `user_id` int(11) NOT NULL,
  `source` varchar(255) NOT NULL,
  `source_id` varchar(255) NOT NULL,
  PRIMARY KEY (`id`),
  KEY `auth_user_FK` (`user_id`),
  CONSTRAINT `auth_user_FK` FOREIGN KEY (`user_id`) REFERENCES `user` (`id`) ON DELETE CASCADE ON UPDATE CASCADE
) ENGINE=InnoDB DEFAULT CHARSET=utf8;

-- Дамп данных таблицы onlinetest.auth: ~0 rows (приблизительно)
/*!40000 ALTER TABLE `auth` DISABLE KEYS */;
INSERT INTO `auth` (`id`, `user_id`, `source`, `source_id`) VALUES
	(2, 1, 'google', '106571767945075532295');
/*!40000 ALTER TABLE `auth` ENABLE KEYS */;

-- Дамп структуры для таблица onlinetest.auth_assignment
CREATE TABLE IF NOT EXISTS `auth_assignment` (
  `item_name` varchar(64) COLLATE utf8_unicode_ci NOT NULL,
  `user_id` varchar(64) COLLATE utf8_unicode_ci NOT NULL,
  `created_at` int(11) DEFAULT NULL,
  PRIMARY KEY (`item_name`,`user_id`),
  KEY `idx-auth_assignment-user_id` (`user_id`),
  CONSTRAINT `auth_assignment_ibfk_1` FOREIGN KEY (`item_name`) REFERENCES `auth_item` (`name`) ON DELETE CASCADE ON UPDATE CASCADE
) ENGINE=InnoDB DEFAULT CHARSET=utf8 COLLATE=utf8_unicode_ci;

-- Дамп данных таблицы onlinetest.auth_assignment: ~7 rows (приблизительно)
/*!40000 ALTER TABLE `auth_assignment` DISABLE KEYS */;
INSERT INTO `auth_assignment` (`item_name`, `user_id`, `created_at`) VALUES
	('administrator', '1', 1585816224),
	('student', '2', 1581705672),
	('student', '3', 1585821630),
	('student', '5', 1582102314),
	('student', '6', 1583415114),
	('student', '8', 1585816289),
	('teacher', '4', 1584115932),
	('teacher', '7', 1584115871);
/*!40000 ALTER TABLE `auth_assignment` ENABLE KEYS */;

-- Дамп структуры для таблица onlinetest.auth_item
CREATE TABLE IF NOT EXISTS `auth_item` (
  `name` varchar(64) COLLATE utf8_unicode_ci NOT NULL,
  `type` smallint(6) NOT NULL,
  `description` text COLLATE utf8_unicode_ci,
  `rule_name` varchar(64) COLLATE utf8_unicode_ci DEFAULT NULL,
  `data` blob,
  `created_at` int(11) DEFAULT NULL,
  `updated_at` int(11) DEFAULT NULL,
  PRIMARY KEY (`name`),
  KEY `rule_name` (`rule_name`),
  KEY `idx-auth_item-type` (`type`),
  CONSTRAINT `auth_item_ibfk_1` FOREIGN KEY (`rule_name`) REFERENCES `auth_rule` (`name`) ON DELETE SET NULL ON UPDATE CASCADE
) ENGINE=InnoDB DEFAULT CHARSET=utf8 COLLATE=utf8_unicode_ci;

-- Дамп данных таблицы onlinetest.auth_item: ~23 rows (приблизительно)
/*!40000 ALTER TABLE `auth_item` DISABLE KEYS */;
INSERT INTO `auth_item` (`name`, `type`, `description`, `rule_name`, `data`, `created_at`, `updated_at`) VALUES
	('administrator', 1, 'Администратор', NULL, NULL, 1581426716, 1581426716),
	('auth.manage', 2, 'Управление правами доступа', NULL, NULL, 1581426716, 1581426716),
	('letter_level.create', 2, 'Уровни букв.Создание', NULL, NULL, 1582807534, 1582807534),
	('letter_level.delete', 2, 'Уровни букв.Удаление', NULL, NULL, 1582807534, 1582807534),
	('letter_level.update', 2, 'Уровни букв.Изменение', NULL, NULL, 1582807534, 1582807534),
	('letter_level.view', 2, 'Уровни букв.Просмотр', NULL, NULL, 1582807534, 1582807534),
	('log.delete', 2, 'Лог приложения.Удаление', NULL, NULL, 1581426716, 1581426716),
	('log.view', 2, 'Лог приложения.Просмотр', NULL, NULL, 1581426716, 1581426716),
	('student', 1, 'Ученик', NULL, NULL, 1581426716, 1581426716),
	('student_test_task.delete', 2, 'Тесты учеников.Удаление', NULL, NULL, 1584115807, 1584115807),
	('student_test_task.view', 2, 'Тесты учеников.Просмотр', NULL, NULL, 1584115807, 1584115807),
	('teacher', 1, 'Учитель', NULL, NULL, 1581426716, 1581426716),
	('test_task.create', 2, 'Мои тесты.Пройти тест', NULL, NULL, 1581426717, 1581426717),
	('test_task.delete', 2, 'Мои тесты.Удаление', NULL, NULL, 1581426717, 1581426717),
	('test_task.view', 2, 'Мои тесты.Просмотр', NULL, NULL, 1581426717, 1581426717),
	('user.create', 2, 'Пользователи.Создание', NULL, NULL, 1581426716, 1581426716),
	('user.delete', 2, 'Пользователи.Удаление', NULL, NULL, 1581426716, 1581426716),
	('user.update', 2, 'Пользователи.Изменение', NULL, NULL, 1581426716, 1581426716),
	('user.view', 2, 'Пользователи.Просмотр', NULL, NULL, 1581426716, 1581426716),
	('vocabulary_word.create', 2, 'Словарные слова.Создание', NULL, NULL, 1581426716, 1581426716),
	('vocabulary_word.delete', 2, 'Словарные слова.Удаление', NULL, NULL, 1581426716, 1581426716),
	('vocabulary_word.update', 2, 'Словарные слова.Изменение', NULL, NULL, 1581426716, 1581426716),
	('vocabulary_word.view', 2, 'Словарные слова.Просмотр', NULL, NULL, 1581426716, 1581426716);
/*!40000 ALTER TABLE `auth_item` ENABLE KEYS */;

-- Дамп структуры для таблица onlinetest.auth_item_child
CREATE TABLE IF NOT EXISTS `auth_item_child` (
  `parent` varchar(64) COLLATE utf8_unicode_ci NOT NULL,
  `child` varchar(64) COLLATE utf8_unicode_ci NOT NULL,
  PRIMARY KEY (`parent`,`child`),
  KEY `child` (`child`),
  CONSTRAINT `auth_item_child_ibfk_1` FOREIGN KEY (`parent`) REFERENCES `auth_item` (`name`) ON DELETE CASCADE ON UPDATE CASCADE,
  CONSTRAINT `auth_item_child_ibfk_2` FOREIGN KEY (`child`) REFERENCES `auth_item` (`name`) ON DELETE CASCADE ON UPDATE CASCADE
) ENGINE=InnoDB DEFAULT CHARSET=utf8 COLLATE=utf8_unicode_ci;

-- Дамп данных таблицы onlinetest.auth_item_child: ~33 rows (приблизительно)
/*!40000 ALTER TABLE `auth_item_child` DISABLE KEYS */;
INSERT INTO `auth_item_child` (`parent`, `child`) VALUES
	('administrator', 'auth.manage'),
	('administrator', 'letter_level.create'),
	('administrator', 'letter_level.delete'),
	('administrator', 'letter_level.update'),
	('administrator', 'letter_level.view'),
	('administrator', 'log.delete'),
	('administrator', 'log.view'),
	('administrator', 'student_test_task.delete'),
	('administrator', 'student_test_task.view'),
	('administrator', 'test_task.create'),
	('administrator', 'test_task.delete'),
	('administrator', 'test_task.view'),
	('administrator', 'user.create'),
	('administrator', 'user.delete'),
	('administrator', 'user.update'),
	('administrator', 'user.view'),
	('administrator', 'vocabulary_word.create'),
	('administrator', 'vocabulary_word.delete'),
	('administrator', 'vocabulary_word.update'),
	('administrator', 'vocabulary_word.view'),
	('student', 'test_task.create'),
	('student', 'test_task.view'),
	('teacher', 'student_test_task.view'),
	('teacher', 'test_task.create'),
	('teacher', 'test_task.delete'),
	('teacher', 'test_task.view'),
	('teacher', 'user.create'),
	('teacher', 'user.delete'),
	('teacher', 'user.update'),
	('teacher', 'user.view'),
	('teacher', 'vocabulary_word.create'),
	('teacher', 'vocabulary_word.delete'),
	('teacher', 'vocabulary_word.update'),
	('teacher', 'vocabulary_word.view');
/*!40000 ALTER TABLE `auth_item_child` ENABLE KEYS */;

-- Дамп структуры для таблица onlinetest.auth_rule
CREATE TABLE IF NOT EXISTS `auth_rule` (
  `name` varchar(64) COLLATE utf8_unicode_ci NOT NULL,
  `data` blob,
  `created_at` int(11) DEFAULT NULL,
  `updated_at` int(11) DEFAULT NULL,
  PRIMARY KEY (`name`)
) ENGINE=InnoDB DEFAULT CHARSET=utf8 COLLATE=utf8_unicode_ci;

-- Дамп данных таблицы onlinetest.auth_rule: ~0 rows (приблизительно)
/*!40000 ALTER TABLE `auth_rule` DISABLE KEYS */;
/*!40000 ALTER TABLE `auth_rule` ENABLE KEYS */;

-- Дамп структуры для таблица onlinetest.letter
CREATE TABLE IF NOT EXISTS `letter` (
  `id` int(11) NOT NULL AUTO_INCREMENT,
  `title` varchar(1) NOT NULL COMMENT 'Буква',
  PRIMARY KEY (`id`),
  UNIQUE KEY `title` (`title`)
) ENGINE=InnoDB DEFAULT CHARSET=utf8 COMMENT='Буквы';

-- Дамп данных таблицы onlinetest.letter: ~27 rows (приблизительно)
/*!40000 ALTER TABLE `letter` DISABLE KEYS */;
INSERT INTO `letter` (`id`, `title`) VALUES
	(1, 'А'),
	(2, 'Б'),
	(3, 'В'),
	(4, 'Г'),
	(5, 'Д'),
	(6, 'Е'),
	(7, 'Ж'),
	(8, 'З'),
	(9, 'И'),
	(11, 'К'),
	(12, 'Л'),
	(13, 'М'),
	(14, 'Н'),
	(15, 'О'),
	(16, 'П'),
	(17, 'Р'),
	(18, 'С'),
	(19, 'Т'),
	(20, 'У'),
	(21, 'Ф'),
	(22, 'Х'),
	(23, 'Ц'),
	(24, 'Ч'),
	(25, 'Ш'),
	(27, 'Э'),
	(28, 'Ю'),
	(29, 'Я');
/*!40000 ALTER TABLE `letter` ENABLE KEYS */;

-- Дамп структуры для таблица onlinetest.letter_level
CREATE TABLE IF NOT EXISTS `letter_level` (
  `id` int(11) NOT NULL AUTO_INCREMENT,
  `letter_id` int(11) NOT NULL COMMENT 'Буква',
  `cnt_word_in_level` int(11) NOT NULL COMMENT 'Количество слов в уровне',
  `cnt_level` int(11) NOT NULL COMMENT 'Количество уровней',
  PRIMARY KEY (`id`),
  UNIQUE KEY `letter_id` (`letter_id`),
  CONSTRAINT `letter_level_letter_FK` FOREIGN KEY (`letter_id`) REFERENCES `letter` (`id`)
) ENGINE=InnoDB DEFAULT CHARSET=utf8 COMMENT='Уровни достижений букв';

-- Дамп данных таблицы onlinetest.letter_level: ~27 rows (приблизительно)
/*!40000 ALTER TABLE `letter_level` DISABLE KEYS */;
INSERT INTO `letter_level` (`id`, `letter_id`, `cnt_word_in_level`, `cnt_level`) VALUES
	(15, 1, 10, 3),
	(16, 2, 10, 3),
	(17, 3, 10, 4),
	(18, 4, 10, 2),
	(19, 5, 10, 2),
	(20, 6, 10, 1),
	(21, 7, 10, 1),
	(22, 8, 10, 2),
	(23, 9, 10, 2),
	(24, 11, 10, 7),
	(25, 12, 10, 2),
	(26, 13, 10, 4),
	(27, 14, 10, 2),
	(28, 15, 10, 4),
	(29, 16, 10, 8),
	(30, 17, 10, 3),
	(31, 18, 10, 6),
	(32, 19, 10, 3),
	(33, 20, 10, 1),
	(34, 21, 10, 2),
	(35, 22, 10, 1),
	(36, 23, 10, 1),
	(37, 24, 10, 1),
	(38, 25, 10, 1),
	(39, 27, 10, 2),
	(40, 28, 10, 1),
	(41, 29, 10, 1);
/*!40000 ALTER TABLE `letter_level` ENABLE KEYS */;

-- Дамп структуры для таблица onlinetest.log
CREATE TABLE IF NOT EXISTS `log` (
  `id` bigint(20) NOT NULL AUTO_INCREMENT,
  `level` int(11) DEFAULT NULL,
  `category` varchar(255) COLLATE utf8_unicode_ci DEFAULT NULL,
  `log_time` double DEFAULT NULL,
  `prefix` text COLLATE utf8_unicode_ci,
  `message` text COLLATE utf8_unicode_ci,
  PRIMARY KEY (`id`),
  KEY `idx_log_level` (`level`),
  KEY `idx_log_category` (`category`)
) ENGINE=InnoDB DEFAULT CHARSET=utf8 COLLATE=utf8_unicode_ci;

-- Дамп данных таблицы onlinetest.log: ~0 rows (приблизительно)
/*!40000 ALTER TABLE `log` DISABLE KEYS */;
/*!40000 ALTER TABLE `log` ENABLE KEYS */;

-- Дамп структуры для таблица onlinetest.migration
CREATE TABLE IF NOT EXISTS `migration` (
  `version` varchar(180) NOT NULL,
  `apply_time` int(11) DEFAULT NULL,
  PRIMARY KEY (`version`)
) ENGINE=InnoDB DEFAULT CHARSET=utf8;

-- Дамп данных таблицы onlinetest.migration: ~33 rows (приблизительно)
/*!40000 ALTER TABLE `migration` DISABLE KEYS */;
INSERT INTO `migration` (`version`, `apply_time`) VALUES
	('m000000_000000_base', 1581426715),
	('m140506_102106_rbac_init', 1581426715),
	('m141106_185632_log_init', 1581426715),
	('m170907_052038_rbac_add_index_on_auth_assignment_user_id', 1581426715),
	('m180523_151638_rbac_updates_indexes_without_prefix', 1581426715),
	('m200129_124901_create_user', 1581426716),
	('m200129_125205_auth_item_init', 1581426716),
	('m200129_125229_user_init', 1581426716),
	('m200129_160101_auth_item_user_add', 1581426716),
	('m200130_152024_create_letter_table', 1581426716),
	('m200130_153840_create_vocabulary_word_table', 1581426716),
	('m200130_160101_auth_item_vocabulary_word_add', 1581426716),
	('m200203_180917_create_test_task_table', 1581426716),
	('m200203_181506_create_test_task_question_table', 1581426716),
	('m200205_133732_create_vocabulary_word_variant_table', 1581426717),
	('m200206_130101_auth_item_test_task_add', 1581426717),
	('m200213_135311_add_passed_ad_test_task_table', 1581944082),
	('m200218_100935_add_training_status_to_test_task_table', 1582038629),
	('m200218_100954_add_training_result_to_test_task_question_table', 1582038629),
	('m200225_102904_drop_training_status_from_test_task_table', 1582807534),
	('m200225_105704_drop_training_result_to_test_task_question_table', 1582807534),
	('m200225_105726_create_letter_level_table', 1582807534),
	('m200225_110727_create_user_achievement_table', 1582807534),
	('m200225_110747_create_user_achievement_word_table', 1582807534),
	('m200225_120101_auth_item_letter_level_add', 1582807534),
	('m200226_093858_alter_test_task_table', 1582807534),
	('m200228_131742_add_rating_to_test_task_table', 1582901287),
	('m200305_102210_create_auth_table', 1583411964),
	('m200305_152436_add_help_is_read_to_user_table', 1583423139),
	('m200306_143612_add_type_to_test_task_question_table', 1583507712),
	('m200313_140101_auth_item_student_test_task_add', 1584115807),
	('m200319_125154_not_null_letter_in_in_test_task', 1584679928),
	('m200319_131113_add_test_task_id_in_user_achievement', 1584703095),
	('m200320_114639_not_null_test_task_id_in_user_achievement', 1584710025),
	('m200320_134117_drop_user_achievement_word_table', 1584712079);
/*!40000 ALTER TABLE `migration` ENABLE KEYS */;

-- Дамп структуры для таблица onlinetest.test_task
CREATE TABLE IF NOT EXISTS `test_task` (
  `id` int(11) NOT NULL AUTO_INCREMENT,
  `user_id` int(11) NOT NULL COMMENT 'Пользователь',
  `status` tinyint(3) NOT NULL DEFAULT '0' COMMENT 'Статус',
  `created_at` timestamp NOT NULL DEFAULT CURRENT_TIMESTAMP COMMENT 'Дата создания',
  `passed_at` timestamp NULL DEFAULT NULL COMMENT 'Дата прохождения',
  `is_repetition` tinyint(3) NOT NULL DEFAULT '0' COMMENT 'Тест повторение?',
  `letter_id` int(11) NOT NULL COMMENT 'Буква',
  `rating` tinyint(3) NOT NULL DEFAULT '0' COMMENT '% правильных заданий',
  PRIMARY KEY (`id`),
  KEY `user_id` (`user_id`),
  KEY `letter_id` (`letter_id`),
  CONSTRAINT `test_task_letter_FK` FOREIGN KEY (`letter_id`) REFERENCES `letter` (`id`),
  CONSTRAINT `test_task_user_FK` FOREIGN KEY (`user_id`) REFERENCES `user` (`id`)
) ENGINE=InnoDB DEFAULT CHARSET=utf8 COMMENT='Список тестов';

-- Дамп данных таблицы onlinetest.test_task: ~125 rows (приблизительно)
/*!40000 ALTER TABLE `test_task` DISABLE KEYS */;
INSERT INTO `test_task` (`id`, `user_id`, `status`, `created_at`, `passed_at`, `is_repetition`, `letter_id`, `rating`) VALUES
	(44, 3, 1, '2020-02-27 21:38:37', '2020-02-27 21:39:58', 0, 1, 100),
	(45, 3, 1, '2020-02-27 21:40:43', '2020-02-27 21:41:50', 0, 1, 100),
	(46, 3, 1, '2020-02-27 21:42:22', '2020-02-27 21:43:05', 0, 1, 100),
	(47, 3, 1, '2020-02-27 21:43:48', '2020-02-27 21:44:31', 1, 1, 90),
	(49, 3, 1, '2020-02-27 21:49:43', '2020-02-27 21:52:13', 0, 2, 100),
	(53, 1, 1, '2020-02-28 19:55:00', '2020-02-28 19:55:32', 1, 1, 70),
	(54, 1, 1, '2020-02-29 01:13:38', '2020-02-29 01:14:11', 1, 2, 100),
	(55, 1, 1, '2020-02-29 01:14:40', '2020-02-29 01:15:22', 1, 1, 70),
	(56, 3, 0, '2020-03-01 22:52:42', NULL, 1, 1, 0),
	(57, 3, 1, '2020-03-01 22:55:47', '2020-03-01 22:56:20', 1, 1, 90),
	(58, 3, 1, '2020-03-01 22:57:02', '2020-03-01 22:57:37', 1, 1, 90),
	(59, 3, 1, '2020-03-01 22:57:46', '2020-03-01 22:58:22', 1, 1, 80),
	(60, 3, 1, '2020-03-01 22:58:56', '2020-03-01 22:59:28', 1, 1, 90),
	(61, 3, 0, '2020-03-01 22:59:34', NULL, 1, 1, 0),
	(62, 3, 1, '2020-03-01 22:59:49', '2020-03-01 23:00:21', 1, 1, 100),
	(63, 3, 1, '2020-03-01 23:00:58', '2020-03-01 23:01:45', 1, 2, 80),
	(64, 3, 1, '2020-03-01 23:04:29', '2020-03-01 23:07:15', 0, 3, 100),
	(65, 3, 1, '2020-03-01 23:07:30', '2020-03-01 23:08:14', 1, 3, 90),
	(66, 3, 1, '2020-03-01 23:08:35', '2020-03-01 23:09:58', 0, 4, 100),
	(67, 3, 0, '2020-03-01 23:10:30', NULL, 1, 4, 0),
	(68, 3, 1, '2020-03-01 23:10:40', '2020-03-01 23:11:49', 0, 5, 100),
	(69, 3, 1, '2020-03-02 12:42:43', '2020-03-02 12:44:20', 0, 5, 100),
	(70, 3, 1, '2020-03-02 12:44:32', '2020-03-02 12:46:33', 0, 2, 100),
	(71, 3, 1, '2020-03-02 12:46:51', '2020-03-02 12:47:53', 0, 3, 100),
	(73, 3, 1, '2020-03-02 12:48:12', '2020-03-02 12:49:14', 0, 3, 100),
	(74, 3, 1, '2020-03-02 12:49:29', '2020-03-02 12:49:54', 0, 3, 100),
	(76, 3, 1, '2020-03-03 09:05:57', '2020-03-03 09:06:57', 0, 15, 100),
	(77, 3, 1, '2020-03-03 09:07:31', '2020-03-03 09:09:01', 0, 15, 100),
	(78, 3, 1, '2020-03-03 09:09:10', '2020-03-03 09:09:48', 0, 15, 100),
	(79, 3, 1, '2020-03-03 09:09:54', '2020-03-03 09:10:38', 0, 15, 100),
	(80, 3, 1, '2020-03-03 09:11:08', '2020-03-03 09:11:53', 1, 15, 80),
	(81, 3, 1, '2020-03-03 09:12:04', '2020-03-03 09:12:57', 1, 15, 60),
	(82, 3, 1, '2020-03-03 09:13:10', '2020-03-03 09:14:00', 1, 15, 80),
	(83, 3, 1, '2020-03-03 09:15:07', '2020-03-03 09:15:53', 1, 15, 80),
	(84, 3, 1, '2020-03-03 21:54:01', '2020-03-03 21:54:43', 1, 5, 100),
	(85, 3, 1, '2020-03-03 21:55:36', '2020-03-03 21:55:58', 0, 6, 100),
	(86, 3, 1, '2020-03-03 21:56:09', '2020-03-03 21:57:13', 0, 7, 100),
	(87, 3, 1, '2020-03-03 21:59:25', '2020-03-03 22:00:30', 0, 8, 100),
	(88, 3, 1, '2020-03-03 22:00:37', '2020-03-03 22:01:19', 0, 8, 100),
	(90, 1, 1, '2020-03-05 12:52:01', '2020-03-05 12:53:10', 1, 1, 95),
	(91, 1, 1, '2020-03-05 12:54:49', '2020-03-05 12:55:19', 1, 2, 100),
	(92, 1, 1, '2020-03-05 12:55:29', '2020-03-05 12:56:28', 1, 4, 100),
	(94, 1, 1, '2020-03-05 13:11:25', '2020-03-05 13:12:21', 1, 4, 100),
	(95, 1, 1, '2020-03-05 13:12:31', '2020-03-05 13:12:59', 1, 2, 100),
	(99, 1, 1, '2020-03-06 20:16:21', '2020-03-06 20:18:33', 0, 3, 100),
	(100, 1, 1, '2020-03-06 20:28:13', '2020-03-06 20:41:00', 0, 3, 100),
	(101, 1, 1, '2020-03-06 20:41:12', '2020-03-06 20:41:58', 0, 3, 100),
	(102, 1, 1, '2020-03-06 20:42:05', '2020-03-06 20:44:08', 1, 4, 95),
	(103, 1, 1, '2020-03-06 20:44:30', '2020-03-06 20:44:44', 0, 6, 100),
	(104, 1, 1, '2020-03-06 20:44:53', '2020-03-06 20:45:41', 0, 5, 100),
	(105, 1, 1, '2020-03-06 20:45:50', '2020-03-06 20:46:43', 1, 5, 100),
	(106, 1, 1, '2020-03-06 20:46:51', '2020-03-06 20:48:20', 1, 4, 100),
	(107, 1, 1, '2020-03-06 20:48:32', '2020-03-06 20:48:51', 1, 6, 67),
	(108, 1, 1, '2020-03-06 20:49:07', '2020-03-06 20:49:22', 1, 6, 100),
	(109, 1, 1, '2020-03-06 20:49:32', '2020-03-06 20:49:48', 1, 6, 100),
	(111, 3, 1, '2020-03-10 21:37:51', '2020-03-10 21:41:07', 1, 8, 100),
	(112, 3, 1, '2020-03-10 21:41:18', '2020-03-10 21:47:26', 0, 16, 100),
	(114, 3, 1, '2020-03-10 21:51:00', '2020-03-10 21:54:34', 0, 16, 100),
	(117, 3, 1, '2020-03-16 12:34:53', '2020-03-16 12:38:45', 0, 11, 100),
	(118, 3, 1, '2020-03-16 12:40:04', '2020-03-16 12:42:04', 1, 11, 90),
	(120, 3, 1, '2020-03-16 12:44:19', '2020-03-16 12:46:54', 0, 11, 100),
	(121, 3, 1, '2020-03-16 12:47:00', '2020-03-16 12:49:26', 0, 11, 100),
	(122, 3, 1, '2020-03-16 12:49:36', '2020-03-16 12:51:51', 0, 11, 100),
	(124, 3, 1, '2020-03-16 20:11:08', '2020-03-16 20:12:59', 0, 17, 100),
	(125, 3, 0, '2020-03-16 20:13:18', NULL, 1, 17, 0),
	(126, 3, 0, '2020-03-16 20:13:29', NULL, 1, 17, 0),
	(127, 3, 0, '2020-03-16 20:13:46', NULL, 1, 17, 0),
	(128, 3, 1, '2020-03-16 20:14:39', '2020-03-16 20:15:47', 1, 17, 100),
	(129, 3, 1, '2020-03-16 20:15:58', '2020-03-16 20:18:05', 0, 17, 100),
	(130, 3, 1, '2020-03-16 20:18:16', '2020-03-16 20:18:57', 0, 17, 100),
	(131, 3, 1, '2020-03-16 20:19:08', '2020-03-16 20:20:52', 0, 16, 100),
	(132, 3, 1, '2020-03-16 20:21:10', '2020-03-16 20:23:41', 0, 12, 100),
	(133, 3, 1, '2020-03-16 20:23:57', '2020-03-16 20:28:28', 0, 16, 100),
	(134, 3, 1, '2020-03-16 20:34:02', '2020-03-16 20:43:25', 0, 16, 100),
	(138, 3, 1, '2020-03-17 09:44:52', '2020-03-17 09:45:16', 0, 12, 100),
	(139, 3, 1, '2020-03-17 09:45:32', '2020-03-17 09:47:46', 0, 9, 100),
	(140, 3, 1, '2020-03-17 09:48:20', '2020-03-17 09:49:49', 0, 9, 100),
	(141, 3, 1, '2020-03-17 09:50:58', '2020-03-17 09:54:13', 0, 16, 100),
	(142, 3, 1, '2020-03-17 11:47:54', '2020-03-17 11:51:25', 0, 16, 100),
	(143, 3, 1, '2020-03-17 11:53:34', '2020-03-17 11:54:04', 0, 16, 100),
	(146, 3, 0, '2020-03-17 11:55:25', NULL, 1, 15, 0),
	(147, 3, 0, '2020-03-17 11:55:42', NULL, 1, 1, 0),
	(148, 3, 0, '2020-03-17 13:07:11', NULL, 1, 16, 0),
	(152, 3, 1, '2020-03-18 11:10:39', '2020-03-18 11:14:23', 1, 16, 80),
	(154, 1, 0, '2020-03-19 16:45:45', NULL, 1, 16, 0),
	(155, 1, 1, '2020-03-20 09:53:11', '2020-03-20 09:53:24', 0, 3, 100),
	(156, 1, 1, '2020-03-20 09:53:32', '2020-03-20 09:54:18', 0, 7, 100),
	(157, 1, 1, '2020-03-20 09:54:30', '2020-03-20 09:55:45', 0, 9, 100),
	(158, 1, 1, '2020-03-20 09:56:01', '2020-03-20 09:57:18', 1, 2, 100),
	(159, 1, 1, '2020-03-20 10:00:19', '2020-03-20 10:01:25', 0, 17, 100),
	(160, 1, 1, '2020-03-20 10:02:53', '2020-03-20 10:04:09', 1, 3, 90),
	(171, 1, 1, '2020-03-20 19:05:17', '2020-03-20 19:05:56', 0, 2, 100),
	(172, 1, 1, '2020-03-20 19:06:03', '2020-03-20 19:06:55', 0, 2, 100),
	(173, 1, 1, '2020-03-20 19:07:10', '2020-03-20 19:14:43', 0, 16, 100),
	(174, 1, 1, '2020-03-20 19:15:57', '2020-03-20 19:17:29', 0, 15, 100),
	(175, 1, 1, '2020-03-20 19:17:47', '2020-03-20 19:18:22', 0, 15, 100),
	(176, 1, 1, '2020-03-20 19:18:29', '2020-03-20 19:19:54', 0, 15, 100),
	(177, 1, 1, '2020-03-20 19:21:09', '2020-03-20 19:21:57', 0, 1, 100),
	(178, 1, 1, '2020-03-20 19:22:04', '2020-03-20 19:22:40', 1, 1, 100),
	(179, 1, 1, '2020-03-20 19:22:49', '2020-03-20 19:23:26', 1, 1, 100),
	(180, 1, 1, '2020-03-20 19:23:31', '2020-03-20 19:24:27', 0, 1, 100),
	(181, 1, 1, '2020-03-20 19:24:41', '2020-03-20 19:26:02', 1, 1, 100),
	(182, 1, 1, '2020-03-20 19:26:16', '2020-03-20 19:27:32', 1, 1, 95),
	(183, 1, 1, '2020-03-20 19:28:38', '2020-03-20 19:32:38', 1, 3, 95),
	(184, 1, 0, '2020-03-20 19:33:22', NULL, 1, 3, 0),
	(185, 1, 0, '2020-03-20 19:35:38', NULL, 1, 3, 0),
	(186, 1, 1, '2020-03-20 19:40:48', '2020-03-20 19:41:14', 0, 29, 100),
	(187, 1, 1, '2020-03-20 19:40:49', '2020-03-20 19:41:38', 0, 29, 100),
	(188, 1, 0, '2020-04-02 12:55:32', NULL, 0, 18, 0),
	(189, 1, 0, '2020-04-02 12:55:39', NULL, 0, 18, 0),
	(190, 1, 1, '2020-04-02 13:12:29', '2020-04-02 13:12:56', 1, 29, 83),
	(191, 1, 0, '2020-04-02 13:13:42', NULL, 1, 29, 0),
	(192, 1, 0, '2020-04-02 13:15:00', NULL, 1, 29, 0),
	(193, 1, 0, '2020-04-03 00:44:21', NULL, 1, 5, 0),
	(194, 1, 1, '2020-04-03 00:45:31', '2020-04-03 00:48:52', 1, 3, 90),
	(195, 1, 0, '2020-04-03 00:57:13', NULL, 1, 5, 0),
	(196, 1, 1, '2020-04-03 22:35:22', '2020-04-03 22:37:22', 1, 15, 10),
	(197, 1, 1, '2020-04-06 17:03:06', '2020-04-06 17:15:50', 0, 1, 100),
	(198, 1, 1, '2020-04-06 17:03:08', '2020-04-06 17:14:30', 0, 1, 100),
	(199, 1, 1, '2020-04-06 17:03:10', '2020-04-06 17:13:55', 0, 1, 100),
	(200, 1, 1, '2020-04-06 17:05:13', '2020-04-06 17:06:24', 0, 19, 100),
	(201, 1, 1, '2020-04-06 17:06:45', '2020-04-06 17:16:30', 0, 19, 100),
	(202, 1, 1, '2020-04-06 17:07:10', '2020-04-06 17:08:15', 0, 19, 100),
	(203, 1, 1, '2020-04-06 17:07:12', '2020-04-06 17:12:23', 0, 19, 100),
	(204, 1, 1, '2020-04-06 17:16:54', '2020-04-06 17:18:05', 0, 4, 100),
	(205, 1, 1, '2020-04-06 17:42:30', '2020-04-06 17:43:52', 0, 5, 100),
	(206, 1, 1, '2020-04-06 17:44:20', '2020-04-06 17:45:58', 0, 28, 100),
	(207, 1, 1, '2020-04-06 17:46:26', '2020-04-06 17:47:45', 0, 8, 100),
	(208, 1, 1, '2020-04-06 17:47:58', '2020-04-06 17:48:40', 0, 14, 100),
	(209, 1, 1, '2020-04-06 17:48:48', '2020-04-06 17:49:06', 0, 14, 100),
	(210, 1, 0, '2020-10-08 13:21:30', NULL, 1, 3, 0);
/*!40000 ALTER TABLE `test_task` ENABLE KEYS */;

-- Дамп структуры для таблица onlinetest.test_task_question
CREATE TABLE IF NOT EXISTS `test_task_question` (
  `id` int(11) NOT NULL AUTO_INCREMENT,
  `test_task_id` int(11) NOT NULL COMMENT 'Test',
  `vocabulary_word_id` int(11) NOT NULL COMMENT 'Словарное слово',
  `answer` varchar(255) NOT NULL DEFAULT '' COMMENT 'Ответ',
  `result` tinyint(1) NOT NULL DEFAULT '0' COMMENT 'Результат',
  `type` tinyint(3) NOT NULL DEFAULT '0' COMMENT 'Тип',
  PRIMARY KEY (`id`),
  KEY `test_task_id` (`test_task_id`),
  KEY `vocabulary_word_id` (`vocabulary_word_id`),
  CONSTRAINT `test_task_question_test_task_FK` FOREIGN KEY (`test_task_id`) REFERENCES `test_task` (`id`) ON DELETE CASCADE,
  CONSTRAINT `test_task_question_vocabulary_word_FK` FOREIGN KEY (`vocabulary_word_id`) REFERENCES `vocabulary_word` (`id`)
) ENGINE=InnoDB DEFAULT CHARSET=utf8 COMMENT='Слова в тесте';

-- Дамп данных таблицы onlinetest.test_task_question: ~1 567 rows (приблизительно)
/*!40000 ALTER TABLE `test_task_question` DISABLE KEYS */;
INSERT INTO `test_task_question` (`id`, `test_task_id`, `vocabulary_word_id`, `answer`, `result`, `type`) VALUES
	(503, 44, 240, 'аптека', 1, 0),
	(504, 44, 224, 'алмаз', 1, 0),
	(505, 44, 235, 'артиллерия', 1, 0),
	(506, 44, 221, 'аккуратно', 1, 0),
	(507, 44, 213, 'Антарктида', 1, 0),
	(508, 44, 217, 'автомобиль', 1, 0),
	(509, 44, 227, 'анекдот', 1, 0),
	(510, 44, 230, 'аппликация', 1, 0),
	(511, 44, 214, 'Африка', 1, 0),
	(512, 44, 220, 'аккорд', 1, 0),
	(513, 45, 226, 'ананас', 1, 0),
	(514, 45, 211, 'Австралия', 1, 0),
	(515, 45, 236, 'артист', 1, 0),
	(516, 45, 219, 'адрес', 1, 0),
	(517, 45, 216, 'автобус', 1, 0),
	(518, 45, 238, 'атлет', 1, 0),
	(519, 45, 212, 'Азия', 1, 0),
	(520, 45, 223, 'аллея', 1, 0),
	(521, 45, 231, 'апрель', 1, 0),
	(522, 45, 228, 'апельсин', 1, 0),
	(523, 46, 218, 'агроном', 1, 0),
	(524, 46, 237, 'ателье', 1, 0),
	(525, 46, 229, 'аппетит', 1, 0),
	(526, 46, 222, 'активный', 1, 0),
	(527, 46, 225, 'альбом', 1, 0),
	(528, 46, 233, 'арена', 1, 0),
	(529, 46, 232, 'арбуз', 1, 0),
	(530, 46, 215, 'авитаминоз', 1, 0),
	(531, 46, 239, 'афиша', 1, 0),
	(532, 46, 234, 'аромат', 1, 0),
	(533, 47, 224, 'алмаз', 1, 0),
	(534, 47, 215, 'авитаминоз', 1, 0),
	(535, 47, 230, 'аппликация', 1, 0),
	(536, 47, 235, 'артиллерия', 1, 0),
	(537, 47, 216, 'автобус', 1, 0),
	(538, 47, 227, 'анекдот', 1, 0),
	(539, 47, 218, 'агроном', 1, 0),
	(540, 47, 223, 'аллея', 1, 0),
	(541, 47, 219, 'аддрес', 0, 0),
	(542, 47, 234, 'аромат', 1, 0),
	(568, 49, 242, 'багрянец', 1, 0),
	(569, 49, 249, 'бегемот', 1, 0),
	(570, 49, 245, 'балкон', 1, 0),
	(571, 49, 247, 'баскетбол', 1, 0),
	(572, 49, 258, 'биография', 1, 0),
	(573, 49, 256, 'билет', 1, 0),
	(574, 49, 265, 'бульдозер', 1, 0),
	(575, 49, 246, 'барабан', 1, 0),
	(576, 49, 248, 'баян', 1, 0),
	(577, 49, 250, 'берег', 1, 0),
	(618, 53, 240, 'оптека', 0, 0),
	(619, 53, 222, 'активный', 1, 0),
	(620, 53, 231, 'апрель', 1, 0),
	(621, 53, 225, 'альбом', 1, 0),
	(622, 53, 238, 'атлет', 1, 0),
	(623, 53, 219, 'адрес', 1, 0),
	(624, 53, 217, 'овтомобиль', 0, 0),
	(625, 53, 237, 'отелье', 0, 0),
	(626, 53, 235, 'артиллерия', 1, 0),
	(627, 53, 228, 'апельсин', 1, 0),
	(628, 54, 254, 'беседовать', 1, 0),
	(629, 54, 242, 'багрянец', 1, 0),
	(630, 54, 253, 'беседа', 1, 0),
	(631, 54, 258, 'биография', 1, 0),
	(632, 54, 260, 'богатство', 1, 0),
	(633, 54, 241, 'багаж', 1, 0),
	(634, 54, 263, 'ботинки', 1, 0),
	(635, 54, 248, 'баян', 1, 0),
	(636, 54, 257, 'бинокль', 1, 0),
	(637, 54, 262, 'борозда', 1, 0),
	(638, 55, 227, 'анекдот', 1, 0),
	(639, 55, 212, 'Азия', 1, 0),
	(640, 55, 229, 'опетит', 0, 0),
	(641, 55, 213, 'Антарктида', 1, 0),
	(642, 55, 215, 'авитаминоз', 1, 0),
	(643, 55, 222, 'активный', 1, 0),
	(644, 55, 221, 'оккуратно', 0, 0),
	(645, 55, 228, 'апельсин', 1, 0),
	(646, 55, 223, 'аллея', 1, 0),
	(647, 55, 220, 'акорд', 0, 0),
	(648, 56, 224, '', 0, 0),
	(649, 56, 230, '', 0, 0),
	(650, 56, 219, 'аддресс', 0, 0),
	(651, 56, 232, '', 0, 0),
	(652, 56, 215, '', 0, 0),
	(653, 56, 221, '', 0, 0),
	(654, 56, 228, '', 0, 0),
	(655, 56, 231, '', 0, 0),
	(656, 56, 220, '', 0, 0),
	(657, 56, 236, '', 0, 0),
	(658, 57, 223, 'аллея', 1, 0),
	(659, 57, 236, 'артист', 1, 0),
	(660, 57, 222, 'активный', 1, 0),
	(661, 57, 229, 'апеттит', 0, 0),
	(662, 57, 214, 'Африка', 1, 0),
	(663, 57, 238, 'атлет', 1, 0),
	(664, 57, 219, 'адрес', 1, 0),
	(665, 57, 233, 'арена', 1, 0),
	(666, 57, 234, 'аромат', 1, 0),
	(667, 57, 218, 'агроном', 1, 0),
	(668, 58, 228, 'апельсин', 1, 0),
	(669, 58, 227, 'анекдот', 1, 0),
	(670, 58, 226, 'ананас', 1, 0),
	(671, 58, 236, 'артист', 1, 0),
	(672, 58, 225, 'альбом', 1, 0),
	(673, 58, 240, 'аптека', 1, 0),
	(674, 58, 215, 'авитаминоз', 1, 0),
	(675, 58, 231, 'апрель', 1, 0),
	(676, 58, 235, 'артиллерия', 1, 0),
	(677, 58, 219, 'адресс', 0, 0),
	(678, 59, 211, 'Австралия', 1, 0),
	(679, 59, 240, 'аптека', 1, 0),
	(680, 59, 232, 'арбуз', 1, 0),
	(681, 59, 236, 'артист', 1, 0),
	(682, 59, 215, 'авитаминоз', 1, 0),
	(683, 59, 227, 'анегдот', 0, 0),
	(684, 59, 233, 'арена', 1, 0),
	(685, 59, 222, 'активный', 1, 0),
	(686, 59, 219, 'аддрес', 0, 0),
	(687, 59, 213, 'Антарктида', 1, 0),
	(688, 60, 229, 'аппетит', 1, 0),
	(689, 60, 236, 'артист', 1, 0),
	(690, 60, 217, 'автомобиль', 1, 0),
	(691, 60, 227, 'онекдот', 0, 0),
	(692, 60, 234, 'аромат', 1, 0),
	(693, 60, 237, 'ателье', 1, 0),
	(694, 60, 230, 'аппликация', 1, 0),
	(695, 60, 233, 'арена', 1, 0),
	(696, 60, 239, 'афиша', 1, 0),
	(697, 60, 218, 'агроном', 1, 0),
	(698, 61, 234, '', 0, 0),
	(699, 61, 236, '', 0, 0),
	(700, 61, 228, '', 0, 0),
	(701, 61, 223, '', 0, 0),
	(702, 61, 235, '', 0, 0),
	(703, 61, 214, 'Африка', 1, 0),
	(704, 61, 213, '', 0, 0),
	(705, 61, 211, 'Афстралия', 0, 0),
	(706, 61, 227, '', 0, 0),
	(707, 61, 240, '', 0, 0),
	(708, 62, 227, 'анекдот', 1, 0),
	(709, 62, 230, 'аппликация', 1, 0),
	(710, 62, 238, 'атлет', 1, 0),
	(711, 62, 217, 'автомобиль', 1, 0),
	(712, 62, 235, 'артиллерия', 1, 0),
	(713, 62, 218, 'агроном', 1, 0),
	(714, 62, 231, 'апрель', 1, 0),
	(715, 62, 214, 'Африка', 1, 0),
	(716, 62, 222, 'активный', 1, 0),
	(717, 62, 234, 'аромат', 1, 0),
	(718, 63, 258, 'биография', 1, 0),
	(719, 63, 246, 'барабан', 1, 0),
	(720, 63, 250, 'бериг', 0, 0),
	(721, 63, 242, 'багрянец', 1, 0),
	(722, 63, 265, 'бульдозер', 1, 0),
	(723, 63, 247, 'баскетбол', 1, 0),
	(724, 63, 248, 'баян', 1, 0),
	(725, 63, 249, 'бегемот', 1, 0),
	(726, 63, 256, 'белет', 0, 0),
	(727, 63, 245, 'балкон', 1, 0),
	(728, 64, 277, 'вестибюль', 1, 0),
	(729, 64, 297, 'вскоре', 1, 0),
	(730, 64, 268, 'вагон', 1, 0),
	(731, 64, 271, 'вверху', 1, 0),
	(732, 64, 275, 'велогонки', 1, 0),
	(733, 64, 287, 'водоросли', 1, 0),
	(734, 64, 294, 'восток', 1, 0),
	(735, 64, 266, 'в декабре', 1, 0),
	(736, 64, 274, 'везде', 1, 0),
	(737, 64, 289, 'вокруг', 1, 0),
	(738, 65, 268, 'вагон', 1, 0),
	(739, 65, 289, 'вокруг', 1, 0),
	(740, 65, 277, 'вестебюль', 0, 0),
	(741, 65, 266, 'в декабре', 1, 0),
	(742, 65, 274, 'везде', 1, 0),
	(743, 65, 287, 'водоросли', 1, 0),
	(744, 65, 275, 'велогонки', 1, 0),
	(745, 65, 271, 'вверху', 1, 0),
	(746, 65, 297, 'вскоре', 1, 0),
	(747, 65, 294, 'восток', 1, 0),
	(748, 66, 305, 'герой', 1, 0),
	(749, 66, 317, 'греметь', 1, 0),
	(750, 66, 316, 'грамотный', 1, 0),
	(751, 66, 308, 'гладиолус', 1, 0),
	(752, 66, 307, 'гитара', 1, 0),
	(753, 66, 318, 'гремучий', 1, 0),
	(754, 66, 314, 'готовить', 1, 0),
	(755, 66, 319, 'гусеница', 1, 0),
	(756, 66, 300, 'газета', 1, 0),
	(757, 66, 311, 'город', 1, 0),
	(758, 67, 307, '', 0, 0),
	(759, 67, 308, '', 0, 0),
	(760, 67, 316, '', 0, 0),
	(761, 67, 314, '', 0, 0),
	(762, 67, 319, '', 0, 0),
	(763, 67, 305, '', 0, 0),
	(764, 67, 317, '', 0, 0),
	(765, 67, 300, '', 0, 0),
	(766, 67, 318, '', 0, 0),
	(767, 67, 311, '', 0, 0),
	(768, 68, 329, 'диван', 1, 0),
	(769, 68, 322, 'девочка', 1, 0),
	(770, 68, 327, 'деревянный', 1, 0),
	(771, 68, 331, 'директор', 1, 0),
	(772, 68, 325, 'деликатный', 1, 0),
	(773, 68, 339, 'доверять', 1, 0),
	(774, 68, 338, 'дятел', 1, 0),
	(775, 68, 326, 'деревня', 1, 0),
	(776, 68, 323, 'дежурный', 1, 0),
	(777, 68, 321, 'двенадцать', 1, 0),
	(778, 69, 334, 'до свидания', 1, 0),
	(779, 69, 332, 'дирижер', 1, 0),
	(780, 69, 320, 'Дед Мороз', 1, 0),
	(781, 69, 324, 'декабрь', 1, 0),
	(782, 69, 337, 'дрессировщик', 1, 0),
	(783, 69, 330, 'диктант', 1, 0),
	(784, 69, 328, 'диалог', 1, 0),
	(785, 69, 333, 'дистанция', 1, 0),
	(786, 69, 336, 'дорога', 1, 0),
	(787, 69, 335, 'доверие', 1, 0),
	(788, 70, 253, 'беседа', 1, 0),
	(789, 70, 259, 'бирюзовый', 1, 0),
	(790, 70, 244, 'балет', 1, 0),
	(791, 70, 262, 'борозда', 1, 0),
	(792, 70, 251, 'беречь', 1, 0),
	(793, 70, 264, 'брошюра', 1, 0),
	(794, 70, 241, 'багаж', 1, 0),
	(795, 70, 254, 'беседовать', 1, 0),
	(796, 70, 260, 'богатство', 1, 0),
	(797, 70, 257, 'бинокль', 1, 0),
	(798, 71, 279, 'ветеран', 1, 0),
	(799, 71, 270, 'варежки', 1, 0),
	(800, 71, 283, 'витрина', 1, 0),
	(801, 71, 273, 'вежливый', 1, 0),
	(802, 71, 278, 'ветер', 1, 0),
	(803, 71, 295, 'впереди', 1, 0),
	(804, 71, 272, 'ведь', 1, 0),
	(805, 71, 292, 'восемь', 1, 0),
	(806, 71, 291, 'воробей', 1, 0),
	(807, 71, 286, 'внимание', 1, 0),
	(818, 73, 296, 'вправо', 1, 0),
	(819, 73, 288, 'вокзал', 1, 0),
	(820, 73, 290, 'волшебник', 1, 0),
	(821, 73, 299, 'выражение', 1, 0),
	(822, 73, 276, 'велосипед', 1, 0),
	(823, 73, 269, 'валенки', 1, 0),
	(824, 73, 298, 'вчера', 1, 0),
	(825, 73, 293, 'воскресенье', 1, 0),
	(826, 73, 284, 'влево', 1, 0),
	(827, 73, 285, 'внизу', 1, 0),
	(828, 74, 267, 'в ноябре', 1, 0),
	(829, 74, 281, 'винегрет', 1, 0),
	(830, 74, 280, 'викторина', 1, 0),
	(831, 74, 282, 'витамин', 1, 0),
	(870, 76, 135, 'овес', 1, 0),
	(871, 76, 157, 'отражение', 1, 0),
	(872, 76, 154, 'отвага', 1, 0),
	(873, 76, 145, 'октябрь', 1, 0),
	(874, 76, 146, 'оловянный', 1, 0),
	(875, 76, 133, 'овощной', 1, 0),
	(876, 76, 158, 'отрасль', 1, 0),
	(877, 76, 125, 'оберегать', 1, 0),
	(878, 76, 151, 'орнамент', 1, 0),
	(879, 76, 138, 'одежда', 1, 0),
	(880, 77, 143, 'океан', 1, 0),
	(881, 77, 129, 'обоняние', 1, 0),
	(882, 77, 148, 'оптимизм', 1, 0),
	(883, 77, 131, 'образ', 1, 0),
	(884, 77, 160, 'очевидец', 1, 0),
	(885, 77, 128, 'облако', 1, 0),
	(886, 77, 137, 'огурец', 1, 0),
	(887, 77, 126, 'обидеть', 1, 0),
	(888, 77, 150, 'орех', 1, 0),
	(889, 77, 136, 'огород', 1, 0),
	(890, 78, 149, 'опушка', 1, 0),
	(891, 78, 132, 'овощи', 1, 0),
	(892, 78, 127, 'обитатель', 1, 0),
	(893, 78, 144, 'около', 1, 0),
	(894, 78, 124, 'обед', 1, 0),
	(895, 78, 147, 'опрятный', 1, 0),
	(896, 78, 142, 'озорник', 1, 0),
	(897, 78, 161, 'ошеломить', 1, 0),
	(898, 78, 159, 'оттенок', 1, 0),
	(899, 78, 140, 'однажды', 1, 0),
	(900, 79, 141, 'однофамилец', 1, 0),
	(901, 79, 156, 'отечество', 1, 0),
	(902, 79, 155, 'отец', 1, 0),
	(903, 79, 153, 'остановка', 1, 0),
	(904, 79, 139, 'одиннадцать', 1, 0),
	(905, 79, 134, 'овраг', 1, 0),
	(906, 79, 152, 'осина', 1, 0),
	(907, 79, 130, 'оборона', 1, 0),
	(908, 80, 153, 'остановка', 1, 0),
	(909, 80, 125, 'оберегать', 1, 0),
	(910, 80, 159, 'оттенок', 1, 0),
	(911, 80, 141, 'однофамилец', 1, 0),
	(912, 80, 139, 'одиннадцадь', 0, 0),
	(913, 80, 128, 'облоко', 0, 0),
	(914, 80, 140, 'однажды', 1, 0),
	(915, 80, 132, 'овощи', 1, 0),
	(916, 80, 149, 'опушка', 1, 0),
	(917, 80, 142, 'озорник', 1, 0),
	(918, 81, 134, 'овраг', 1, 0),
	(919, 81, 157, 'отражение', 1, 0),
	(920, 81, 133, 'овощной', 1, 0),
	(921, 81, 147, 'опрятный', 1, 0),
	(922, 81, 153, 'остановка', 1, 0),
	(923, 81, 146, 'оловяный', 0, 0),
	(924, 81, 132, 'оващи', 0, 0),
	(925, 81, 139, 'одинадцать', 0, 0),
	(926, 81, 158, 'отросаль', 0, 0),
	(927, 81, 125, 'оберегать', 1, 0),
	(928, 82, 130, 'оборона', 1, 0),
	(929, 82, 158, 'отросль', 0, 0),
	(930, 82, 144, 'около', 1, 0),
	(931, 82, 125, 'оберегать', 1, 0),
	(932, 82, 161, 'ошеломить', 1, 0),
	(933, 82, 154, 'отвага', 1, 0),
	(934, 82, 141, 'однофамилец', 1, 0),
	(935, 82, 149, 'опушка', 1, 0),
	(936, 82, 139, 'одиннадцадь', 0, 0),
	(937, 82, 147, 'опрятный', 1, 0),
	(938, 83, 141, 'однофамилец', 1, 0),
	(939, 83, 137, 'огурец', 1, 0),
	(940, 83, 151, 'орнаминт', 0, 0),
	(941, 83, 154, 'отвага', 1, 0),
	(942, 83, 146, 'оловянный', 1, 0),
	(943, 83, 148, 'оптимизм', 1, 0),
	(944, 83, 128, 'облоко', 0, 0),
	(945, 83, 140, 'однажды', 1, 0),
	(946, 83, 160, 'очевидец', 1, 0),
	(947, 83, 129, 'обоняние', 1, 0),
	(948, 84, 334, 'до свидания', 1, 0),
	(949, 84, 326, 'деревня', 1, 0),
	(950, 84, 337, 'дрессировщик', 1, 0),
	(951, 84, 338, 'дятел', 1, 0),
	(952, 84, 336, 'дорога', 1, 0),
	(953, 84, 329, 'диван', 1, 0),
	(954, 84, 320, 'Дед Мороз', 1, 0),
	(955, 84, 328, 'диалог', 1, 0),
	(956, 84, 322, 'девочка', 1, 0),
	(957, 84, 339, 'доверять', 1, 0),
	(958, 85, 200, 'ездить', 1, 0),
	(959, 85, 198, 'ежемесячно', 1, 0),
	(960, 85, 199, 'еженедельник', 1, 0),
	(961, 86, 208, 'жилище', 1, 0),
	(962, 86, 202, 'желать', 1, 0),
	(963, 86, 206, 'животное', 1, 0),
	(964, 86, 210, 'жюри', 1, 0),
	(965, 86, 203, 'железо', 1, 0),
	(966, 86, 204, 'женщина', 1, 0),
	(967, 86, 207, 'жилет', 1, 0),
	(968, 86, 209, 'жужжать', 1, 0),
	(969, 86, 201, 'желание', 1, 0),
	(970, 86, 205, 'живопись', 1, 0),
	(971, 87, 173, 'заяц', 1, 0),
	(972, 87, 162, 'забавы', 1, 0),
	(973, 87, 169, 'заработок', 1, 0),
	(974, 87, 167, 'заповедник', 1, 0),
	(975, 87, 174, 'здание', 1, 0),
	(976, 87, 170, 'зарисовка', 1, 0),
	(977, 87, 163, 'завод', 1, 0),
	(978, 87, 165, 'заготовка', 1, 0),
	(979, 87, 177, 'земледелие', 1, 0),
	(980, 87, 179, 'знакомиться', 1, 0),
	(981, 88, 168, 'запорошить', 1, 0),
	(982, 88, 164, 'завтрак', 1, 0),
	(983, 88, 172, 'засеять', 1, 0),
	(984, 88, 175, 'здесь', 1, 0),
	(985, 88, 176, 'здоровье', 1, 0),
	(986, 88, 171, 'засекретить', 1, 0),
	(987, 88, 178, 'земляника', 1, 0),
	(988, 88, 166, 'запад', 1, 0),
	(999, 90, 234, 'аромат', 1, 0),
	(1000, 90, 229, 'аппетит', 1, 0),
	(1001, 90, 224, 'алмаз', 1, 0),
	(1002, 90, 236, 'артист', 1, 0),
	(1003, 90, 233, 'арена', 1, 0),
	(1004, 90, 218, 'агроном', 1, 0),
	(1005, 90, 217, 'автомобиль', 1, 0),
	(1006, 90, 222, 'активный', 1, 0),
	(1007, 90, 219, 'адрес', 1, 0),
	(1008, 90, 238, 'атлет', 1, 0),
	(1009, 90, 231, 'апрель', 1, 0),
	(1010, 90, 227, 'анекдот', 1, 0),
	(1011, 90, 213, 'Антарктида', 1, 0),
	(1012, 90, 228, 'апельсин', 1, 0),
	(1013, 90, 239, 'афиша', 1, 0),
	(1014, 90, 220, 'акорд', 0, 0),
	(1015, 90, 225, 'альбом', 1, 0),
	(1016, 90, 240, 'аптека', 1, 0),
	(1017, 90, 215, 'авитаминоз', 1, 0),
	(1018, 90, 232, 'арбуз', 1, 0),
	(1019, 91, 254, 'беседовать', 1, 0),
	(1020, 91, 248, 'баян', 1, 0),
	(1021, 91, 257, 'бинокль', 1, 0),
	(1022, 91, 241, 'багаж', 1, 0),
	(1023, 91, 263, 'ботинки', 1, 0),
	(1024, 91, 242, 'багрянец', 1, 0),
	(1025, 91, 253, 'беседа', 1, 0),
	(1026, 91, 260, 'богатство', 1, 0),
	(1027, 91, 258, 'биография', 1, 0),
	(1028, 91, 262, 'борозда', 1, 0),
	(1029, 92, 310, 'горизонт', 1, 0),
	(1030, 92, 317, 'греметь', 1, 0),
	(1031, 92, 314, 'готовить', 1, 0),
	(1032, 92, 316, 'грамотный', 1, 0),
	(1033, 92, 303, 'гармония', 1, 0),
	(1034, 92, 309, 'гореть', 1, 0),
	(1035, 92, 318, 'гремучий', 1, 0),
	(1036, 92, 306, 'гимназия', 1, 0),
	(1037, 92, 308, 'гладиолус', 1, 0),
	(1038, 92, 302, 'гардероб', 1, 0),
	(1039, 92, 300, 'газета', 1, 0),
	(1040, 92, 313, 'горячий', 1, 0),
	(1041, 92, 305, 'герой', 1, 0),
	(1042, 92, 312, 'горох', 1, 0),
	(1043, 92, 319, 'гусеница', 1, 0),
	(1044, 92, 315, 'грамматика', 1, 0),
	(1045, 92, 307, 'гитара', 1, 0),
	(1046, 92, 301, 'галерея', 1, 0),
	(1047, 92, 311, 'город', 1, 0),
	(1048, 92, 304, 'гвоздика', 1, 0),
	(1069, 94, 308, 'гладиолус', 1, 0),
	(1070, 94, 310, 'горизонт', 1, 0),
	(1071, 94, 302, 'гардероб', 1, 0),
	(1072, 94, 305, 'герой', 1, 0),
	(1073, 94, 304, 'гвоздика', 1, 0),
	(1074, 94, 307, 'гитара', 1, 0),
	(1075, 94, 319, 'гусеница', 1, 0),
	(1076, 94, 316, 'грамотный', 1, 0),
	(1077, 94, 306, 'гимназия', 1, 0),
	(1078, 94, 318, 'гремучий', 1, 0),
	(1079, 94, 311, 'город', 1, 0),
	(1080, 94, 309, 'гореть', 1, 0),
	(1081, 94, 300, 'газета', 1, 0),
	(1082, 94, 315, 'грамматика', 1, 0),
	(1083, 94, 312, 'горох', 1, 0),
	(1084, 94, 317, 'греметь', 1, 0),
	(1085, 94, 314, 'готовить', 1, 0),
	(1086, 94, 303, 'гармония', 1, 0),
	(1087, 94, 301, 'галерея', 1, 0),
	(1088, 94, 313, 'горячий', 1, 0),
	(1089, 95, 260, 'богатство', 1, 0),
	(1090, 95, 258, 'биография', 1, 0),
	(1091, 95, 263, 'ботинки', 1, 0),
	(1092, 95, 242, 'багрянец', 1, 0),
	(1093, 95, 254, 'беседовать', 1, 0),
	(1094, 95, 257, 'бинокль', 1, 0),
	(1095, 95, 241, 'багаж', 1, 0),
	(1096, 95, 248, 'баян', 1, 0),
	(1097, 95, 253, 'беседа', 1, 0),
	(1098, 95, 262, 'борозда', 1, 0),
	(1144, 99, 279, 'ветеран', 1, 0),
	(1145, 99, 290, 'волшебник', 1, 1),
	(1146, 99, 280, 'викторина', 1, 0),
	(1147, 99, 285, 'внизу', 1, 0),
	(1148, 99, 267, 'в ноябре', 1, 1),
	(1149, 99, 288, 'вокзал', 1, 1),
	(1150, 99, 273, 'вежливый', 1, 1),
	(1151, 99, 270, 'варежки', 1, 0),
	(1152, 99, 287, 'водоросли', 1, 0),
	(1153, 99, 294, 'восток', 1, 1),
	(1154, 100, 291, 'воробей', 1, 0),
	(1155, 100, 299, 'выражение', 1, 0),
	(1156, 100, 269, 'валенки', 1, 0),
	(1157, 100, 295, 'Впереди', 1, 1),
	(1158, 100, 271, 'Вверху', 1, 1),
	(1159, 100, 292, 'восемь', 1, 0),
	(1160, 100, 276, 'велосипед', 1, 0),
	(1161, 100, 281, 'винегрет', 1, 0),
	(1162, 100, 277, 'вестибюль', 1, 1),
	(1163, 100, 297, 'вскоре', 1, 0),
	(1164, 101, 284, 'влево', 1, 0),
	(1165, 101, 289, 'вокруг', 1, 0),
	(1166, 101, 268, 'Вагон', 1, 1),
	(1167, 101, 274, 'Везде', 1, 1),
	(1168, 101, 296, 'вправо', 1, 0),
	(1169, 101, 286, 'Внимание', 1, 1),
	(1170, 101, 293, 'воскресенье', 1, 0),
	(1171, 101, 278, 'ветер', 1, 0),
	(1172, 101, 266, 'в декабре', 1, 0),
	(1173, 101, 272, 'ведь', 1, 0),
	(1174, 102, 302, 'Гардероб', 1, 1),
	(1175, 102, 305, 'Герой', 1, 1),
	(1176, 102, 308, 'Гладиолус', 1, 1),
	(1177, 102, 307, 'Гитара', 1, 1),
	(1178, 102, 304, 'Гвоздика', 1, 1),
	(1179, 102, 300, 'газета', 1, 0),
	(1180, 102, 309, 'гореть', 1, 0),
	(1181, 102, 303, 'Гармония', 1, 1),
	(1182, 102, 315, 'Гамматика', 0, 1),
	(1183, 102, 318, 'Гремучий', 1, 1),
	(1184, 102, 301, 'галерея', 1, 0),
	(1185, 102, 314, 'готовить', 1, 0),
	(1186, 102, 310, 'горизонт', 1, 0),
	(1187, 102, 316, 'грамотный', 1, 0),
	(1188, 102, 311, 'Город', 1, 1),
	(1189, 102, 313, 'горячий', 1, 0),
	(1190, 102, 312, 'горох', 1, 0),
	(1191, 102, 306, 'гимназия', 1, 0),
	(1192, 102, 317, 'греметь', 1, 0),
	(1193, 102, 319, 'Гусеница', 1, 1),
	(1194, 103, 199, 'еженедельник', 1, 0),
	(1195, 103, 200, 'Ездить', 1, 1),
	(1196, 103, 198, 'ежемесячно', 1, 0),
	(1197, 104, 339, 'Доверять', 1, 1),
	(1198, 104, 336, 'Дорога', 1, 1),
	(1199, 104, 334, 'до свидания', 1, 0),
	(1200, 104, 328, 'диалог', 1, 0),
	(1201, 104, 326, 'деревня', 1, 0),
	(1202, 104, 321, 'двенадцать', 1, 0),
	(1203, 104, 322, 'девочка', 1, 0),
	(1204, 104, 327, 'Деревянный', 1, 1),
	(1205, 104, 333, 'дистанция', 1, 0),
	(1206, 104, 323, 'Дежурный', 1, 1),
	(1207, 105, 328, 'Диалог', 1, 1),
	(1208, 105, 333, 'дистанция', 1, 0),
	(1209, 105, 339, 'доверять', 1, 0),
	(1210, 105, 322, 'Девочка', 1, 1),
	(1211, 105, 326, 'деревня', 1, 0),
	(1212, 105, 336, 'дорога', 1, 0),
	(1213, 105, 323, 'дежурный', 1, 0),
	(1214, 105, 321, 'двенадцать', 1, 0),
	(1215, 105, 327, 'Деревянный', 1, 1),
	(1216, 105, 334, 'до свидания', 1, 0),
	(1217, 106, 309, 'гореть', 1, 0),
	(1218, 106, 312, 'горох', 1, 0),
	(1219, 106, 310, 'горизонт', 1, 0),
	(1220, 106, 306, 'гимназия', 1, 0),
	(1221, 106, 302, 'гардероб', 1, 0),
	(1222, 106, 300, 'газета', 1, 0),
	(1223, 106, 305, 'Герой', 1, 1),
	(1224, 106, 315, 'грамматика', 1, 0),
	(1225, 106, 304, 'гвоздика', 1, 0),
	(1226, 106, 318, 'Гремучий', 1, 1),
	(1227, 106, 313, 'горячий', 1, 0),
	(1228, 106, 319, 'Гусеница', 1, 1),
	(1229, 106, 308, 'Гладиолус', 1, 1),
	(1230, 106, 311, 'город', 1, 0),
	(1231, 106, 301, 'Галерея', 1, 1),
	(1232, 106, 317, 'Греметь', 1, 1),
	(1233, 106, 307, 'Гитара', 1, 1),
	(1234, 106, 303, 'гармония', 1, 0),
	(1235, 106, 316, 'Грамотный', 1, 1),
	(1236, 106, 314, 'Готовить', 1, 1),
	(1237, 107, 199, 'Еженелельник', 0, 1),
	(1238, 107, 200, 'ездить', 1, 0),
	(1239, 107, 198, 'ежемесячно', 1, 0),
	(1240, 108, 198, 'ежемесячно', 1, 0),
	(1241, 108, 200, 'Ездить', 1, 1),
	(1242, 108, 199, 'еженедельник', 1, 0),
	(1243, 109, 198, 'ежемесячно', 1, 0),
	(1244, 109, 200, 'Ездить', 1, 1),
	(1245, 109, 199, 'еженедельник', 1, 0),
	(1256, 111, 171, 'засекретить', 1, 0),
	(1257, 111, 173, 'заяц', 1, 0),
	(1258, 111, 164, 'Завтрак', 1, 1),
	(1259, 111, 170, 'Зарисовка', 1, 1),
	(1260, 111, 162, 'Забавы', 1, 1),
	(1261, 111, 166, 'Запад', 1, 1),
	(1262, 111, 178, 'Земляника', 1, 1),
	(1263, 111, 174, 'Здание', 1, 1),
	(1264, 111, 175, 'Здесь', 1, 1),
	(1265, 111, 169, 'заработок', 1, 0),
	(1266, 111, 172, 'Засеять', 1, 1),
	(1267, 111, 163, 'завод', 1, 0),
	(1268, 111, 177, 'Земледелие', 1, 1),
	(1269, 111, 167, 'Заповедник', 1, 1),
	(1270, 111, 179, 'Знакомиться', 1, 1),
	(1271, 111, 168, 'Запорошить', 1, 1),
	(1272, 111, 165, 'заготовка', 1, 0),
	(1273, 111, 176, 'здоровье', 1, 0),
	(1274, 112, 351, 'паук', 1, 0),
	(1275, 112, 390, 'правительство', 1, 0),
	(1276, 112, 352, 'паутина', 1, 0),
	(1277, 112, 387, 'Посуда', 1, 1),
	(1278, 112, 343, 'парашют', 1, 0),
	(1279, 112, 366, 'по-кабаньи', 1, 1),
	(1280, 112, 374, 'Погожий денек', 1, 1),
	(1281, 112, 385, 'портрет', 1, 0),
	(1282, 112, 402, 'Природа', 1, 1),
	(1283, 112, 375, 'Погремушка', 1, 1),
	(1294, 114, 405, 'пропаганда', 1, 0),
	(1295, 114, 357, 'песчаный', 1, 0),
	(1296, 114, 376, 'подготовка', 1, 0),
	(1297, 114, 367, 'По-моему', 1, 1),
	(1298, 114, 409, 'Пятница', 1, 1),
	(1299, 114, 395, 'преподавать', 1, 0),
	(1300, 114, 396, 'Прибор', 1, 1),
	(1301, 114, 370, 'по-товарищески', 1, 0),
	(1302, 114, 394, 'Препинание', 1, 1),
	(1303, 114, 404, 'Причина', 1, 1),
	(1324, 117, 10, 'Карандаш', 1, 1),
	(1325, 117, 1, 'кабан', 1, 0),
	(1326, 117, 40, 'конфета', 1, 0),
	(1327, 117, 51, 'костер', 1, 0),
	(1328, 117, 47, 'Корова', 1, 1),
	(1329, 117, 14, 'Картон', 1, 1),
	(1330, 117, 58, 'Красивый', 1, 1),
	(1331, 117, 19, 'квартал', 1, 0),
	(1332, 117, 59, 'Кристалл', 1, 1),
	(1333, 117, 33, 'Комбайн', 1, 1),
	(1334, 118, 19, 'Квартал', 1, 1),
	(1335, 118, 14, 'Картон', 1, 1),
	(1336, 118, 40, 'Конфета', 1, 1),
	(1337, 118, 51, 'костер', 1, 0),
	(1338, 118, 59, 'Кристалл', 1, 1),
	(1339, 118, 47, 'корова', 1, 0),
	(1340, 118, 58, 'красивый', 1, 0),
	(1341, 118, 10, 'Карандаш', 1, 1),
	(1342, 118, 33, 'камбайн', 0, 0),
	(1343, 118, 1, 'кабан', 1, 0),
	(1354, 120, 9, 'Капуста', 1, 1),
	(1355, 120, 31, 'Коллекция', 1, 1),
	(1356, 120, 63, 'кроссовки', 1, 0),
	(1357, 120, 4, 'Каллиграфия', 1, 1),
	(1358, 120, 61, 'Крокодил', 1, 1),
	(1359, 120, 55, 'Кочевник', 1, 1),
	(1360, 120, 41, 'концерт', 1, 0),
	(1361, 120, 16, 'кастрюля', 1, 0),
	(1362, 120, 54, 'кочан', 1, 0),
	(1363, 120, 8, 'каникулы', 1, 0),
	(1364, 121, 38, 'Компьютер', 1, 1),
	(1365, 121, 42, 'коньки', 1, 0),
	(1366, 121, 44, 'корзина', 1, 0),
	(1367, 121, 2, 'Кабинет', 1, 1),
	(1368, 121, 53, 'котлета', 1, 0),
	(1369, 121, 37, 'компот', 1, 0),
	(1370, 121, 46, 'коричневый', 1, 0),
	(1371, 121, 32, 'Колхоз', 1, 1),
	(1372, 121, 56, 'кочерыжка', 1, 0),
	(1373, 121, 17, 'Каталог', 1, 1),
	(1374, 122, 48, 'корреспондент', 1, 0),
	(1375, 122, 39, 'Конверт', 1, 1),
	(1376, 122, 20, 'квартира', 1, 0),
	(1377, 122, 28, 'Колесо', 1, 1),
	(1378, 122, 29, 'Колибри', 1, 1),
	(1379, 122, 18, 'Катушка', 1, 1),
	(1380, 122, 52, 'Котелок', 1, 1),
	(1381, 122, 25, 'Класс', 1, 1),
	(1382, 122, 12, 'карман', 1, 0),
	(1383, 122, 15, 'Картофель', 1, 1),
	(1394, 124, 421, 'Революция', 1, 1),
	(1395, 124, 425, 'республика', 1, 0),
	(1396, 124, 411, 'Россия', 1, 0),
	(1397, 124, 420, 'Ребята', 1, 1),
	(1398, 124, 432, 'рябина', 1, 0),
	(1399, 124, 418, 'Расстояние', 1, 1),
	(1400, 124, 424, 'ремень', 1, 0),
	(1401, 124, 429, 'родина', 1, 0),
	(1402, 124, 415, 'Ракета', 1, 1),
	(1403, 124, 414, 'район', 1, 1),
	(1404, 125, 432, '', 0, 0),
	(1405, 125, 415, '', 0, 0),
	(1406, 125, 425, '', 0, 1),
	(1407, 125, 429, '', 0, 1),
	(1408, 125, 421, '', 0, 1),
	(1409, 125, 418, '', 0, 0),
	(1410, 125, 420, '', 0, 0),
	(1411, 125, 414, '', 0, 1),
	(1412, 125, 424, '', 0, 0),
	(1413, 125, 411, '', 0, 0),
	(1414, 126, 432, '', 0, 0),
	(1415, 126, 429, '', 0, 0),
	(1416, 126, 414, '', 0, 0),
	(1417, 126, 418, '', 0, 1),
	(1418, 126, 415, '', 0, 0),
	(1419, 126, 424, '', 0, 0),
	(1420, 126, 420, '', 0, 0),
	(1421, 126, 411, '', 0, 0),
	(1422, 126, 421, '', 0, 0),
	(1423, 126, 425, '', 0, 1),
	(1424, 127, 424, '', 0, 1),
	(1425, 127, 414, 'Район', 1, 1),
	(1426, 127, 432, '', 0, 0),
	(1427, 127, 420, 'Ребята', 1, 1),
	(1428, 127, 411, '', 0, 0),
	(1429, 127, 415, '', 0, 1),
	(1430, 127, 418, '', 0, 0),
	(1431, 127, 421, '', 0, 1),
	(1432, 127, 429, '', 0, 1),
	(1433, 127, 425, '', 0, 1),
	(1434, 128, 420, 'ребята', 1, 0),
	(1435, 128, 425, 'республика', 1, 0),
	(1436, 128, 418, 'Расстояние', 1, 1),
	(1437, 128, 414, 'район', 1, 0),
	(1438, 128, 429, 'родина', 1, 0),
	(1439, 128, 421, 'революция', 1, 0),
	(1440, 128, 411, 'Россия', 1, 0),
	(1441, 128, 432, 'Рябина', 1, 1),
	(1442, 128, 424, 'ремень', 1, 0),
	(1443, 128, 415, 'ракета', 1, 0),
	(1444, 129, 427, 'Решительный', 1, 1),
	(1445, 129, 430, 'ромашка', 1, 0),
	(1446, 129, 417, 'Рассказ', 1, 1),
	(1447, 129, 416, 'Рапорт', 1, 1),
	(1448, 129, 413, 'равнина', 1, 0),
	(1449, 129, 423, 'Рекорд', 1, 1),
	(1450, 129, 431, 'рюкзак', 1, 0),
	(1451, 129, 428, 'рисунок', 1, 0),
	(1452, 129, 419, 'Растение', 1, 1),
	(1453, 129, 412, 'Работа', 1, 1),
	(1454, 130, 422, 'Режиссер', 1, 1),
	(1455, 130, 426, 'Решебник', 1, 1),
	(1456, 131, 381, 'помидор', 1, 0),
	(1457, 131, 399, 'Пример', 1, 1),
	(1458, 131, 349, 'пастух', 1, 0),
	(1459, 131, 362, 'платок', 1, 0),
	(1460, 131, 380, 'поколение', 1, 0),
	(1461, 131, 360, 'Пингвин', 1, 1),
	(1462, 131, 388, 'Потом', 1, 1),
	(1463, 131, 353, 'пейзаж', 1, 0),
	(1464, 131, 384, 'пороша', 1, 0),
	(1465, 131, 344, 'паркет', 1, 0),
	(1466, 132, 73, 'Лопата', 1, 1),
	(1467, 132, 65, 'ладони', 1, 0),
	(1468, 132, 72, 'локомотив', 1, 0),
	(1469, 132, 66, 'Ладоши', 1, 1),
	(1470, 132, 74, 'Лопух', 1, 1),
	(1471, 132, 68, 'Легенда', 1, 1),
	(1472, 132, 67, 'Лазурный', 1, 1),
	(1473, 132, 71, 'Лиловый', 1, 1),
	(1474, 132, 70, 'Лестница', 1, 1),
	(1475, 132, 69, 'легко', 1, 0),
	(1476, 133, 392, 'Прекрасный', 1, 1),
	(1477, 133, 383, 'Поразительный', 1, 1),
	(1478, 133, 401, 'приобрести', 1, 0),
	(1479, 133, 378, 'Подосиновик', 1, 1),
	(1480, 133, 373, 'погода', 1, 0),
	(1481, 133, 410, 'Почтальон', 1, 1),
	(1482, 133, 361, 'Пичужка', 1, 1),
	(1483, 133, 347, 'Пассивный', 1, 1),
	(1484, 133, 348, 'Пастбище', 1, 1),
	(1485, 133, 406, 'Профессия', 1, 1),
	(1486, 134, 340, 'Павильон', 1, 1),
	(1487, 134, 356, 'Пессимизм', 1, 1),
	(1488, 134, 379, 'пожалуйста', 1, 0),
	(1489, 134, 408, 'Пшеница', 1, 1),
	(1490, 134, 397, 'привет', 1, 0),
	(1491, 134, 341, 'пальто', 1, 0),
	(1492, 134, 371, 'Победа', 1, 1),
	(1493, 134, 382, 'Понедельник', 1, 1),
	(1494, 134, 365, 'По-заячьи', 1, 1),
	(1495, 134, 350, 'Патрон', 1, 1),
	(1517, 138, 64, 'Лагерь', 1, 1),
	(1518, 139, 191, 'инициатор', 1, 0),
	(1519, 139, 197, 'Исполин', 1, 1),
	(1520, 139, 195, 'искренний', 1, 0),
	(1521, 139, 187, 'иллюстрация', 1, 0),
	(1522, 139, 194, 'Информация', 1, 1),
	(1523, 139, 190, 'инициатива', 1, 0),
	(1524, 139, 185, 'Изумрудный', 1, 1),
	(1525, 139, 182, 'Изложение', 1, 1),
	(1526, 139, 192, 'интеллигент', 1, 0),
	(1527, 139, 188, 'Иней', 1, 1),
	(1528, 140, 184, 'Изумительный', 1, 1),
	(1529, 140, 189, 'инженер', 1, 0),
	(1530, 140, 193, 'интонация', 1, 0),
	(1531, 140, 181, 'Иволга', 1, 1),
	(1532, 140, 180, 'Игорь', 1, 1),
	(1533, 140, 196, 'Искусство', 1, 1),
	(1534, 140, 183, 'Изображение', 1, 1),
	(1535, 140, 186, 'иллюминация', 1, 0),
	(1536, 141, 345, 'Пароль', 1, 1),
	(1537, 141, 355, 'Песок', 1, 1),
	(1538, 141, 407, 'путешественник', 1, 0),
	(1539, 141, 368, 'по-собачьи', 1, 0),
	(1540, 141, 398, 'прикроватный', 1, 0),
	(1541, 141, 403, 'Природоведение', 1, 1),
	(1542, 141, 354, 'пенал', 1, 0),
	(1543, 141, 364, 'племянник', 1, 0),
	(1544, 141, 386, 'порхать', 1, 0),
	(1545, 141, 363, 'платформа', 1, 0),
	(1546, 142, 346, 'пассажир', 1, 0),
	(1547, 142, 400, 'Примитивный', 1, 1),
	(1548, 142, 342, 'пансионат', 1, 0),
	(1549, 142, 372, 'Повествовательный', 1, 1),
	(1550, 142, 393, 'пренебрегать', 1, 0),
	(1551, 142, 358, 'Петух', 1, 1),
	(1552, 142, 389, 'поэзия', 1, 0),
	(1553, 142, 377, 'Подорожник', 1, 1),
	(1554, 142, 359, 'Пианино', 1, 1),
	(1555, 142, 391, 'председатель', 1, 0),
	(1556, 143, 369, 'По-солдатски', 1, 1),
	(1577, 146, 150, '', 0, 1),
	(1578, 146, 142, '', 0, 1),
	(1579, 146, 146, '', 0, 1),
	(1580, 146, 159, '', 0, 1),
	(1581, 146, 131, '', 0, 1),
	(1582, 146, 132, '', 0, 0),
	(1583, 146, 134, '', 0, 0),
	(1584, 146, 160, '', 0, 0),
	(1585, 146, 126, '', 0, 1),
	(1586, 146, 145, '', 0, 1),
	(1587, 146, 133, '', 0, 0),
	(1588, 146, 156, '', 0, 1),
	(1589, 146, 136, '', 0, 0),
	(1590, 146, 143, '', 0, 1),
	(1591, 146, 137, '', 0, 0),
	(1592, 146, 140, '', 0, 1),
	(1593, 146, 148, '', 0, 1),
	(1594, 146, 144, '', 0, 0),
	(1595, 146, 149, '', 0, 1),
	(1596, 146, 124, 'абед', 0, 0),
	(1597, 147, 229, '', 0, 1),
	(1598, 147, 221, 'Аккуратно', 1, 1),
	(1599, 147, 215, '', 0, 1),
	(1600, 147, 238, '', 0, 0),
	(1601, 147, 224, '', 0, 0),
	(1602, 147, 220, '', 0, 0),
	(1603, 147, 226, '', 0, 1),
	(1604, 147, 213, '', 0, 1),
	(1605, 147, 223, '', 0, 0),
	(1606, 147, 217, '', 0, 0),
	(1607, 147, 216, '', 0, 0),
	(1608, 147, 236, '', 0, 1),
	(1609, 147, 228, '', 0, 1),
	(1610, 147, 240, '', 0, 1),
	(1611, 147, 237, '', 0, 1),
	(1612, 147, 235, '', 0, 1),
	(1613, 147, 219, 'адресс', 0, 0),
	(1614, 147, 222, '', 0, 1),
	(1615, 147, 232, '', 0, 1),
	(1616, 147, 239, '', 0, 0),
	(1617, 148, 382, '', 0, 1),
	(1618, 148, 406, '', 0, 0),
	(1619, 148, 380, '', 0, 1),
	(1620, 148, 377, '', 0, 1),
	(1621, 148, 405, '', 0, 0),
	(1622, 148, 355, '', 0, 1),
	(1623, 148, 366, '', 0, 0),
	(1624, 148, 364, '', 0, 0),
	(1625, 148, 400, '', 0, 1),
	(1626, 148, 352, '', 0, 1),
	(1627, 148, 345, '', 0, 0),
	(1628, 148, 344, '', 0, 0),
	(1629, 148, 394, '', 0, 0),
	(1630, 148, 383, '', 0, 0),
	(1631, 148, 402, '', 0, 0),
	(1632, 148, 396, '', 0, 1),
	(1633, 148, 346, '', 0, 0),
	(1634, 148, 399, '', 0, 0),
	(1635, 148, 376, '', 0, 0),
	(1636, 148, 379, '', 0, 1),
	(1637, 148, 370, '', 0, 0),
	(1638, 148, 358, '', 0, 1),
	(1639, 148, 392, '', 0, 1),
	(1640, 148, 403, '', 0, 1),
	(1641, 148, 359, '', 0, 1),
	(1642, 148, 398, '', 0, 0),
	(1643, 148, 389, '', 0, 0),
	(1644, 148, 375, '', 0, 0),
	(1645, 148, 393, '', 0, 0),
	(1646, 148, 367, '', 0, 0),
	(1647, 148, 342, '', 0, 0),
	(1648, 148, 349, '', 0, 0),
	(1649, 148, 340, '', 0, 1),
	(1650, 148, 348, '', 0, 1),
	(1651, 148, 410, '', 0, 1),
	(1652, 148, 354, '', 0, 1),
	(1653, 148, 369, '', 0, 0),
	(1654, 148, 361, '', 0, 1),
	(1655, 148, 387, '', 0, 1),
	(1656, 148, 388, '', 0, 1),
	(1657, 148, 391, '', 0, 0),
	(1658, 148, 363, '', 0, 0),
	(1659, 148, 373, '', 0, 0),
	(1660, 148, 347, '', 0, 0),
	(1661, 148, 357, '', 0, 0),
	(1662, 148, 362, '', 0, 1),
	(1663, 148, 385, '', 0, 0),
	(1664, 148, 381, '', 0, 0),
	(1665, 148, 360, '', 0, 1),
	(1666, 148, 365, '', 0, 0),
	(1667, 148, 371, '', 0, 1),
	(1668, 148, 378, '', 0, 0),
	(1669, 148, 386, '', 0, 1),
	(1670, 148, 372, '', 0, 1),
	(1671, 148, 368, '', 0, 1),
	(1672, 148, 395, '', 0, 0),
	(1673, 148, 341, '', 0, 0),
	(1674, 148, 353, '', 0, 1),
	(1675, 148, 404, '', 0, 0),
	(1676, 148, 408, '', 0, 1),
	(1677, 148, 397, '', 0, 0),
	(1678, 148, 374, '', 0, 0),
	(1679, 148, 384, '', 0, 1),
	(1680, 148, 350, '', 0, 1),
	(1681, 148, 343, '', 0, 1),
	(1682, 148, 401, '', 0, 0),
	(1683, 148, 390, '', 0, 0),
	(1684, 148, 351, '', 0, 0),
	(1685, 148, 409, '', 0, 0),
	(1686, 148, 356, '', 0, 0),
	(1687, 148, 407, '', 0, 1),
	(1850, 152, 375, 'Погремушка', 1, 1),
	(1851, 152, 393, 'пренебрегать', 1, 0),
	(1852, 152, 401, 'преобрести', 0, 0),
	(1853, 152, 382, 'Понедельник', 1, 1),
	(1854, 152, 384, 'Пороша', 1, 1),
	(1855, 152, 344, 'Паркет', 1, 1),
	(1856, 152, 354, 'Пенал', 1, 1),
	(1857, 152, 352, 'Паутинка', 0, 1),
	(1858, 152, 362, 'Платок', 1, 1),
	(1859, 152, 402, 'Природа', 1, 1),
	(1860, 152, 358, 'Петух', 1, 1),
	(1861, 152, 347, 'Пассивный', 1, 1),
	(1862, 152, 399, 'Пример', 1, 1),
	(1863, 152, 366, 'По-кабаньи', 1, 1),
	(1864, 152, 343, 'парашют', 1, 0),
	(1865, 152, 357, 'Песчаный', 1, 1),
	(1866, 152, 369, 'По-солдатским', 0, 1),
	(1867, 152, 360, 'пенгвин', 0, 0),
	(1868, 152, 341, 'пальто', 1, 0),
	(1869, 152, 391, 'Председатель', 1, 1),
	(1890, 154, 352, '', 0, 0),
	(1891, 154, 354, '', 0, 0),
	(1892, 154, 402, '', 0, 0),
	(1893, 154, 386, '', 0, 0),
	(1894, 154, 374, '', 0, 0),
	(1895, 154, 409, '', 0, 0),
	(1896, 154, 403, '', 0, 0),
	(1897, 154, 378, '', 0, 0),
	(1898, 154, 396, '', 0, 0),
	(1899, 154, 388, '', 0, 0),
	(1900, 154, 380, '', 0, 0),
	(1901, 154, 390, '', 0, 0),
	(1902, 154, 383, '', 0, 0),
	(1903, 154, 358, '', 0, 0),
	(1904, 154, 353, '', 0, 0),
	(1905, 154, 376, '', 0, 0),
	(1906, 154, 349, '', 0, 0),
	(1907, 154, 372, '', 0, 0),
	(1908, 154, 392, '', 0, 0),
	(1909, 154, 367, '', 0, 0),
	(1910, 155, 298, 'вчера', 1, 0),
	(1911, 155, 282, 'витамин', 1, 0),
	(1912, 155, 275, 'велогонки', 1, 0),
	(1913, 155, 283, 'витрина', 1, 0),
	(1914, 156, 209, 'жужжать', 1, 0),
	(1915, 156, 205, 'живопись', 1, 0),
	(1916, 156, 203, 'железо', 1, 0),
	(1917, 156, 204, 'женщина', 1, 0),
	(1918, 156, 201, 'желание', 1, 0),
	(1919, 156, 202, 'желать', 1, 0),
	(1920, 156, 206, 'животное', 1, 0),
	(1921, 156, 208, 'жилище', 1, 0),
	(1922, 156, 210, 'жюри', 1, 0),
	(1923, 156, 207, 'жилет', 1, 0),
	(1924, 157, 185, 'изумрудный', 1, 0),
	(1925, 157, 196, 'искусство', 1, 1),
	(1926, 157, 194, 'информация', 1, 0),
	(1927, 157, 182, 'изложение', 1, 0),
	(1928, 157, 195, 'искренний', 1, 0),
	(1929, 157, 188, 'иней', 1, 0),
	(1930, 157, 187, 'иллюстрация', 1, 0),
	(1931, 157, 184, 'изумительный', 1, 1),
	(1932, 157, 193, 'интонация', 1, 0),
	(1933, 157, 186, 'иллюминация', 1, 0),
	(1934, 157, 191, 'инициатор', 1, 0),
	(1935, 157, 183, 'изображение', 1, 0),
	(1936, 157, 181, 'иволга', 1, 0),
	(1937, 157, 180, 'Игорь', 1, 0),
	(1938, 157, 189, 'инженер', 1, 0),
	(1939, 157, 190, 'инициатива', 1, 0),
	(1940, 157, 197, 'исполин', 1, 0),
	(1941, 157, 192, 'интеллигент', 1, 0),
	(1942, 158, 196, 'искусство', 1, 0),
	(1943, 158, 393, 'пренебрегать', 1, 0),
	(1944, 158, 193, 'интонация', 1, 0),
	(1945, 158, 263, 'ботинки', 1, 0),
	(1946, 158, 357, 'песчаный', 1, 1),
	(1947, 158, 242, 'багрянец', 1, 0),
	(1948, 158, 252, 'береза', 1, 0),
	(1949, 158, 369, 'по-солдатски', 1, 0),
	(1950, 158, 258, 'биография', 1, 0),
	(1951, 158, 352, 'паутина', 1, 0),
	(1952, 158, 398, 'прикроватный', 1, 0),
	(1953, 158, 245, 'балкон', 1, 0),
	(1954, 158, 405, 'пропаганда', 1, 0),
	(1955, 158, 185, 'изумрудный', 1, 1),
	(1956, 158, 389, 'поэзия', 1, 1),
	(1957, 158, 358, 'петух', 1, 0),
	(1958, 158, 388, 'потом', 1, 0),
	(1959, 158, 390, 'правительство', 1, 0),
	(1960, 158, 350, 'патрон', 1, 0),
	(1961, 158, 408, 'пшеница', 1, 0),
	(1962, 159, 419, 'растение', 1, 0),
	(1963, 159, 424, 'ремень', 1, 0),
	(1964, 159, 420, 'ребята', 1, 0),
	(1965, 159, 418, 'расстояние', 1, 1),
	(1966, 159, 421, 'революция', 1, 0),
	(1967, 159, 423, 'рекорд', 1, 1),
	(1968, 159, 416, 'рапорт', 1, 0),
	(1969, 159, 432, 'рябина', 1, 0),
	(1970, 159, 411, 'Россия', 1, 0),
	(1971, 159, 426, 'решебник', 1, 0),
	(1972, 159, 429, 'родина', 1, 0),
	(1973, 159, 417, 'рассказ', 1, 1),
	(1974, 159, 431, 'рюкзак', 1, 0),
	(1975, 159, 427, 'решительный', 1, 0),
	(1976, 159, 414, 'район', 1, 0),
	(1977, 159, 422, 'режиссер', 1, 0),
	(1978, 159, 430, 'ромашка', 1, 1),
	(1979, 159, 413, 'равнина', 1, 0),
	(1980, 159, 412, 'работа', 1, 0),
	(1981, 159, 415, 'ракета', 1, 0),
	(1982, 159, 428, 'рисунок', 1, 0),
	(1983, 159, 425, 'республика', 1, 0),
	(1984, 160, 283, 'ветрина', 0, 1),
	(1985, 160, 278, 'ветер', 1, 1),
	(1986, 160, 267, 'в ноябре', 1, 0),
	(1987, 160, 280, 'викторина', 1, 0),
	(1988, 160, 419, 'растение', 1, 0),
	(1989, 160, 266, 'в декабре', 1, 1),
	(1990, 160, 293, 'воскресение', 0, 0),
	(1991, 160, 431, 'рюкзак', 1, 0),
	(1992, 160, 298, 'вчера', 1, 0),
	(1993, 160, 322, 'девочка', 1, 1),
	(1994, 160, 326, 'деревня', 1, 0),
	(1995, 160, 274, 'везде', 1, 0),
	(1996, 160, 292, 'восемь', 1, 1),
	(1997, 160, 199, 'еженедельник', 1, 0),
	(1998, 160, 418, 'расстояние', 1, 0),
	(1999, 160, 282, 'витамин', 1, 0),
	(2000, 160, 277, 'вестибюль', 1, 0),
	(2001, 160, 412, 'работа', 1, 0),
	(2002, 160, 321, 'двенадцать', 1, 0),
	(2003, 160, 281, 'винегрет', 1, 0),
	(2144, 171, 251, 'беречь', 1, 0),
	(2145, 171, 248, 'баян', 1, 1),
	(2146, 171, 249, 'бегемот', 1, 1),
	(2147, 171, 260, 'богатство', 1, 1),
	(2148, 171, 265, 'бульдозер', 1, 0),
	(2149, 171, 253, 'беседа', 1, 0),
	(2150, 171, 243, 'баклажан', 1, 0),
	(2151, 171, 256, 'билет', 1, 0),
	(2152, 171, 254, 'беседовать', 1, 0),
	(2153, 171, 259, 'бирюзовый', 1, 0),
	(2154, 172, 250, 'берег', 1, 1),
	(2155, 172, 242, 'багрянец', 1, 1),
	(2156, 172, 246, 'барабан', 1, 0),
	(2157, 172, 257, 'бинокль', 1, 0),
	(2158, 172, 255, 'библиотека', 1, 0),
	(2159, 172, 247, 'баскетбол', 1, 0),
	(2160, 172, 258, 'биография', 1, 0),
	(2161, 172, 262, 'борозда', 1, 0),
	(2162, 172, 244, 'балет', 1, 0),
	(2163, 172, 261, 'болото', 1, 0),
	(2164, 172, 241, 'багаж', 1, 1),
	(2165, 172, 245, 'балкон', 1, 0),
	(2166, 172, 264, 'брошюра', 1, 0),
	(2167, 172, 263, 'ботинки', 1, 0),
	(2168, 172, 252, 'береза', 1, 0),
	(2169, 173, 404, 'причина', 1, 0),
	(2170, 173, 381, 'помидор', 1, 0),
	(2171, 173, 383, 'поразительный', 1, 1),
	(2172, 173, 374, 'погожий денек', 1, 0),
	(2173, 173, 385, 'портрет', 1, 0),
	(2174, 173, 389, 'поэзия', 1, 1),
	(2175, 173, 365, 'по-заячьи', 1, 0),
	(2176, 173, 366, 'по-кабаньи', 1, 0),
	(2177, 173, 401, 'приобрести', 1, 0),
	(2178, 173, 370, 'по-товарищески', 1, 0),
	(2179, 173, 367, 'по-моему', 1, 0),
	(2180, 173, 343, 'парашют', 1, 0),
	(2181, 173, 373, 'погода', 1, 1),
	(2182, 173, 347, 'пассивный', 1, 0),
	(2183, 173, 378, 'подосиновик', 1, 0),
	(2184, 173, 406, 'профессия', 1, 0),
	(2185, 173, 371, 'победа', 1, 0),
	(2186, 173, 392, 'прекрасный', 1, 1),
	(2187, 173, 393, 'пренебрегать', 1, 1),
	(2188, 173, 397, 'привет', 1, 0),
	(2189, 173, 345, 'пароль', 1, 0),
	(2190, 173, 379, 'пожалуйста', 1, 1),
	(2191, 173, 400, 'примитивный', 1, 0),
	(2192, 173, 388, 'потом', 1, 0),
	(2193, 173, 351, 'паук', 1, 0),
	(2194, 173, 386, 'порхать', 1, 0),
	(2195, 173, 359, 'пианино', 1, 1),
	(2196, 173, 368, 'по-собачьи', 1, 0),
	(2197, 173, 346, 'пассажир', 1, 1),
	(2198, 173, 360, 'пингвин', 1, 0),
	(2199, 173, 340, 'павильон', 1, 1),
	(2200, 173, 390, 'правительство', 1, 0),
	(2201, 173, 341, 'пальто', 1, 0),
	(2202, 173, 369, 'по-солдатски', 1, 0),
	(2203, 173, 405, 'пропаганда', 1, 1),
	(2204, 173, 358, 'петух', 1, 1),
	(2205, 173, 387, 'посуда', 1, 1),
	(2206, 173, 349, 'пастух', 1, 1),
	(2207, 173, 353, 'пейзаж', 1, 0),
	(2208, 173, 407, 'путешественник', 1, 1),
	(2209, 173, 398, 'прикроватный', 1, 0),
	(2210, 173, 394, 'препинание', 1, 0),
	(2211, 173, 377, 'подорожник', 1, 0),
	(2212, 173, 410, 'почтальон', 1, 1),
	(2213, 173, 396, 'прибор', 1, 0),
	(2214, 173, 372, 'повествовательный', 1, 0),
	(2215, 173, 350, 'патрон', 1, 1),
	(2216, 173, 403, 'природоведение', 1, 1),
	(2217, 173, 402, 'природа', 1, 1),
	(2218, 173, 362, 'платок', 1, 0),
	(2219, 173, 348, 'пастбище', 1, 1),
	(2220, 173, 384, 'пороша', 1, 0),
	(2221, 173, 354, 'пенал', 1, 0),
	(2222, 173, 399, 'пример', 1, 0),
	(2223, 173, 364, 'племянник', 1, 0),
	(2224, 173, 380, 'поколение', 1, 0),
	(2225, 173, 376, 'подготовка', 1, 0),
	(2226, 173, 356, 'пессимизм', 1, 0),
	(2227, 173, 375, 'погремушка', 1, 0),
	(2228, 173, 395, 'преподавать', 1, 0),
	(2229, 173, 409, 'пятница', 1, 0),
	(2230, 173, 382, 'понедельник', 1, 1),
	(2231, 173, 408, 'пшеница', 1, 0),
	(2232, 173, 352, 'паутина', 1, 0),
	(2233, 173, 342, 'пансионат', 1, 1),
	(2234, 173, 363, 'платформа', 1, 0),
	(2235, 173, 391, 'председатель', 1, 0),
	(2236, 173, 344, 'паркет', 1, 0),
	(2237, 173, 357, 'песчаный', 1, 0),
	(2238, 173, 361, 'пичужка', 1, 0),
	(2239, 173, 355, 'песок', 1, 1),
	(2240, 174, 125, 'оберегать', 1, 0),
	(2241, 174, 140, 'однажды', 1, 0),
	(2242, 174, 139, 'одиннадцать', 1, 1),
	(2243, 174, 158, 'отрасль', 1, 1),
	(2244, 174, 145, 'октябрь', 1, 0),
	(2245, 174, 133, 'овощной', 1, 1),
	(2246, 174, 131, 'образ', 1, 1),
	(2247, 174, 126, 'обидеть', 1, 0),
	(2248, 174, 137, 'огурец', 1, 0),
	(2249, 174, 155, 'отец', 1, 1),
	(2250, 175, 130, 'оборона', 1, 0),
	(2251, 175, 154, 'отвага', 1, 0),
	(2252, 175, 129, 'обоняние', 1, 0),
	(2253, 175, 124, 'обед', 1, 0),
	(2254, 175, 144, 'около', 1, 1),
	(2255, 175, 147, 'опрятный', 1, 1),
	(2256, 175, 143, 'океан', 1, 0),
	(2257, 175, 151, 'орнамент', 1, 0),
	(2258, 175, 128, 'облако', 1, 0),
	(2259, 175, 159, 'оттенок', 1, 1),
	(2260, 176, 135, 'овес', 1, 1),
	(2261, 176, 152, 'осина', 1, 1),
	(2262, 176, 142, 'озорник', 1, 1),
	(2263, 176, 138, 'одежда', 1, 1),
	(2264, 176, 134, 'овраг', 1, 0),
	(2265, 176, 160, 'очевидец', 1, 1),
	(2266, 176, 150, 'орех', 1, 0),
	(2267, 176, 156, 'отечество', 1, 1),
	(2268, 176, 157, 'отражение', 1, 1),
	(2269, 176, 136, 'огород', 1, 0),
	(2270, 176, 148, 'оптимизм', 1, 0),
	(2271, 176, 132, 'овощи', 1, 0),
	(2272, 176, 153, 'остановка', 1, 1),
	(2273, 176, 127, 'обитатель', 1, 0),
	(2274, 176, 141, 'однофамилец', 1, 0),
	(2275, 176, 161, 'ошеломить', 1, 0),
	(2276, 176, 146, 'оловянный', 1, 0),
	(2277, 176, 149, 'опушка', 1, 0),
	(2278, 177, 233, 'арена', 1, 1),
	(2279, 177, 221, 'аккуратно', 1, 0),
	(2280, 177, 220, 'аккорд', 1, 0),
	(2281, 177, 227, 'анекдот', 1, 1),
	(2282, 177, 230, 'аппликация', 1, 0),
	(2283, 177, 231, 'апрель', 1, 1),
	(2284, 177, 217, 'автомобиль', 1, 0),
	(2285, 177, 236, 'артист', 1, 1),
	(2286, 177, 235, 'артиллерия', 1, 0),
	(2287, 177, 224, 'алмаз', 1, 1),
	(2288, 178, 236, 'артист', 1, 0),
	(2289, 178, 231, 'апрель', 1, 1),
	(2290, 178, 227, 'анекдот', 1, 1),
	(2291, 178, 220, 'аккорд', 1, 0),
	(2292, 178, 230, 'аппликация', 1, 1),
	(2293, 178, 235, 'артиллерия', 1, 0),
	(2294, 178, 233, 'арена', 1, 0),
	(2295, 178, 217, 'автомобиль', 1, 1),
	(2296, 178, 224, 'алмаз', 1, 0),
	(2297, 178, 221, 'аккуратно', 1, 0),
	(2298, 179, 236, 'артист', 1, 1),
	(2299, 179, 224, 'алмаз', 1, 0),
	(2300, 179, 227, 'анекдот', 1, 1),
	(2301, 179, 217, 'автомобиль', 1, 0),
	(2302, 179, 221, 'аккуратно', 1, 0),
	(2303, 179, 231, 'апрель', 1, 0),
	(2304, 179, 233, 'арена', 1, 0),
	(2305, 179, 220, 'аккорд', 1, 1),
	(2306, 179, 230, 'аппликация', 1, 0),
	(2307, 179, 235, 'артиллерия', 1, 0),
	(2308, 180, 223, 'аллея', 1, 0),
	(2309, 180, 213, 'Антарктида', 1, 0),
	(2310, 180, 211, 'Австралия', 1, 0),
	(2311, 180, 219, 'адрес', 1, 0),
	(2312, 180, 225, 'альбом', 1, 0),
	(2313, 180, 216, 'автобус', 1, 0),
	(2314, 180, 232, 'арбуз', 1, 0),
	(2315, 180, 218, 'агроном', 1, 0),
	(2316, 180, 228, 'апельсин', 1, 0),
	(2317, 180, 214, 'африка', 1, 1),
	(2318, 181, 271, 'вверху', 1, 1),
	(2319, 181, 232, 'арбуз', 1, 0),
	(2320, 181, 243, 'баклажан', 1, 0),
	(2321, 181, 296, 'вправо', 1, 0),
	(2322, 181, 279, 'ветеран', 1, 0),
	(2323, 181, 273, 'вежливый', 1, 1),
	(2324, 181, 333, 'дистанция', 1, 1),
	(2325, 181, 211, 'Австралия', 1, 0),
	(2326, 181, 290, 'волшебник', 1, 0),
	(2327, 181, 251, 'беречь', 1, 1),
	(2328, 181, 200, 'ездить', 1, 0),
	(2329, 181, 275, 'велогонки', 1, 1),
	(2330, 181, 247, 'баскетбол', 1, 1),
	(2331, 181, 295, 'впереди', 1, 0),
	(2332, 181, 259, 'бирюзовый', 1, 0),
	(2333, 181, 270, 'варежки', 1, 1),
	(2334, 181, 241, 'багаж', 1, 0),
	(2335, 181, 327, 'деревянный', 1, 1),
	(2336, 181, 261, 'болото', 1, 0),
	(2337, 181, 250, 'берег', 1, 1),
	(2338, 182, 339, 'доверять', 1, 1),
	(2339, 182, 253, 'беседа', 1, 1),
	(2340, 182, 262, 'борозда', 1, 1),
	(2341, 182, 218, 'агроном', 1, 1),
	(2342, 182, 254, 'беседовать', 1, 1),
	(2343, 182, 323, 'дежурный', 1, 1),
	(2344, 182, 265, 'бульдозер', 1, 0),
	(2345, 182, 228, 'Апельсин', 1, 1),
	(2346, 182, 248, 'баян', 1, 0),
	(2347, 182, 246, 'барабан', 1, 0),
	(2348, 182, 287, 'водоросли', 1, 1),
	(2349, 182, 334, 'досвидания', 0, 0),
	(2350, 182, 216, 'автобус', 1, 1),
	(2351, 182, 249, 'бегемот', 1, 0),
	(2352, 182, 269, 'валенки', 1, 0),
	(2353, 182, 336, 'дорога', 1, 1),
	(2354, 182, 284, 'влево', 1, 0),
	(2355, 182, 223, 'аллея', 1, 0),
	(2356, 182, 264, 'брошюра', 1, 0),
	(2357, 182, 256, 'билет', 1, 0),
	(2358, 183, 297, 'вскоре', 1, 1),
	(2359, 183, 289, 'вокруг', 1, 0),
	(2360, 183, 195, 'искренний', 1, 0),
	(2361, 183, 294, 'восток', 1, 0),
	(2362, 183, 208, 'жилище', 1, 0),
	(2363, 183, 184, 'изумитильный', 0, 0),
	(2364, 183, 291, 'воробей', 1, 1),
	(2365, 183, 210, 'жюри', 1, 0),
	(2366, 183, 203, 'железо', 1, 1),
	(2367, 183, 272, 'ведь', 1, 1),
	(2368, 183, 286, 'внимание', 1, 0),
	(2369, 183, 201, 'желание', 1, 1),
	(2370, 183, 191, 'инициатор', 1, 1),
	(2371, 183, 187, 'иллюстрация', 1, 0),
	(2372, 183, 288, 'вокзал', 1, 0),
	(2373, 183, 197, 'исполин', 1, 0),
	(2374, 183, 183, 'изображение', 1, 0),
	(2375, 183, 204, 'женщина', 1, 0),
	(2376, 183, 276, 'велосипед', 1, 1),
	(2377, 183, 192, 'интеллигент', 1, 0),
	(2378, 184, 209, '', 0, 1),
	(2379, 184, 192, '', 0, 0),
	(2380, 184, 266, '', 0, 0),
	(2381, 184, 210, '', 0, 0),
	(2382, 184, 274, '', 0, 0),
	(2383, 184, 299, '', 0, 1),
	(2384, 184, 276, '', 0, 0),
	(2385, 184, 323, '', 0, 1),
	(2386, 184, 268, '', 0, 1),
	(2387, 184, 198, '', 0, 0),
	(2388, 184, 207, '', 0, 1),
	(2389, 184, 272, '', 0, 0),
	(2390, 184, 196, '', 0, 1),
	(2391, 184, 277, '', 0, 0),
	(2392, 184, 291, '', 0, 1),
	(2393, 184, 206, '', 0, 0),
	(2394, 184, 326, '', 0, 1),
	(2395, 184, 336, '', 0, 0),
	(2396, 184, 267, '', 0, 1),
	(2397, 184, 334, '', 0, 1),
	(2398, 185, 188, '', 0, 0),
	(2399, 185, 206, '', 0, 1),
	(2400, 185, 334, '', 0, 1),
	(2401, 185, 180, '', 0, 0),
	(2402, 185, 194, '', 0, 1),
	(2403, 185, 285, '', 0, 0),
	(2404, 185, 182, '', 0, 1),
	(2405, 185, 181, '', 0, 1),
	(2406, 185, 190, '', 0, 1),
	(2407, 185, 184, '', 0, 0),
	(2408, 185, 186, '', 0, 0),
	(2409, 185, 202, '', 0, 1),
	(2410, 185, 268, '', 0, 0),
	(2411, 185, 198, '', 0, 1),
	(2412, 185, 209, '', 0, 1),
	(2413, 185, 207, '', 0, 1),
	(2414, 185, 189, '', 0, 0),
	(2415, 185, 205, '', 0, 0),
	(2416, 185, 328, '', 0, 0),
	(2417, 185, 283, '', 0, 0),
	(2418, 186, 571, 'яблоко', 1, 0),
	(2419, 186, 573, 'язык', 1, 1),
	(2420, 186, 574, 'январь', 1, 1),
	(2421, 186, 576, 'ящерица', 1, 1),
	(2422, 186, 572, 'ягода', 1, 0),
	(2423, 186, 575, 'янтарный', 1, 0),
	(2424, 187, 573, 'язык', 1, 1),
	(2425, 187, 574, 'январь', 1, 1),
	(2426, 187, 576, 'ящерица', 1, 0),
	(2427, 187, 571, 'яблоко', 1, 1),
	(2428, 187, 572, 'ягода', 1, 0),
	(2429, 187, 575, 'янтарный', 1, 0),
	(2430, 188, 469, '', 0, 0),
	(2431, 188, 455, '', 0, 0),
	(2432, 188, 462, '', 0, 0),
	(2433, 188, 464, '', 0, 0),
	(2434, 188, 453, '', 0, 0),
	(2435, 188, 443, '', 0, 0),
	(2436, 188, 448, '', 0, 0),
	(2437, 188, 480, '', 0, 0),
	(2438, 188, 475, '', 0, 0),
	(2439, 188, 460, '', 0, 0),
	(2440, 189, 457, 'сияние', 1, 0),
	(2441, 189, 466, 'солома', 1, 0),
	(2442, 189, 448, 'секрет', 1, 0),
	(2443, 189, 459, 'скамейка', 1, 0),
	(2444, 189, 465, 'соловей', 1, 0),
	(2445, 189, 474, 'спектакль', 1, 0),
	(2446, 189, 436, 'сапоги', 1, 0),
	(2447, 189, 443, 'сгиб', 1, 0),
	(2448, 189, 449, 'семена', 1, 0),
	(2449, 189, 445, 'север', 1, 0),
	(2450, 189, 453, '', 0, 0),
	(2451, 189, 433, 'салазки', 1, 0),
	(2452, 189, 434, 'салют', 1, 0),
	(2453, 189, 478, '', 0, 0),
	(2454, 189, 444, 'сеанс', 1, 0),
	(2455, 189, 470, 'сосулька', 1, 0),
	(2456, 189, 460, 'скорпион', 1, 0),
	(2457, 189, 454, 'сигнал', 1, 0),
	(2458, 189, 450, '', 0, 0),
	(2459, 189, 463, '', 0, 0),
	(2460, 189, 455, 'синица', 1, 0),
	(2461, 189, 442, 'свобода', 1, 0),
	(2462, 189, 480, 'стадион', 1, 0),
	(2463, 189, 464, 'солдат', 1, 0),
	(2464, 189, 479, 'спряжение', 1, 0),
	(2465, 189, 476, 'справа', 1, 0),
	(2466, 189, 475, '', 0, 0),
	(2467, 189, 435, '', 0, 0),
	(2468, 189, 461, 'слева', 1, 0),
	(2469, 189, 451, 'серебристый', 1, 0),
	(2470, 189, 473, 'спасибо', 1, 0),
	(2471, 189, 458, 'сиять', 1, 0),
	(2472, 189, 441, 'свидетель', 1, 0),
	(2473, 189, 438, '', 0, 0),
	(2474, 189, 483, 'столица', 1, 0),
	(2475, 189, 447, '', 0, 0),
	(2476, 189, 485, '', 0, 0),
	(2477, 189, 468, 'сорока', 1, 0),
	(2478, 189, 452, 'серебряный', 1, 0),
	(2479, 189, 471, 'сочинение', 1, 0),
	(2480, 189, 437, 'сатира', 1, 0),
	(2481, 189, 462, 'слышать', 1, 0),
	(2482, 189, 446, 'сегодня', 1, 0),
	(2483, 189, 481, 'стакан', 1, 0),
	(2484, 189, 456, 'сирень', 1, 0),
	(2485, 189, 482, '', 0, 0),
	(2486, 189, 486, 'суббота', 1, 0),
	(2487, 189, 440, 'светлячки', 1, 0),
	(2488, 189, 469, 'состязание', 1, 0),
	(2489, 189, 484, 'стрекоза', 1, 0),
	(2490, 189, 477, 'справедливый ', 1, 0),
	(2491, 189, 467, 'соревноваться', 1, 0),
	(2492, 189, 439, 'сверкать', 1, 0),
	(2493, 189, 472, 'спартакиада', 1, 0),
	(2494, 190, 576, 'ящерица', 1, 0),
	(2495, 190, 574, 'январь', 1, 0),
	(2496, 190, 571, 'яблако', 0, 0),
	(2497, 190, 575, 'янтарный', 1, 0),
	(2498, 190, 573, 'язык', 1, 0),
	(2499, 190, 572, 'ягода', 1, 0),
	(2500, 191, 574, '', 0, 0),
	(2501, 191, 573, '', 0, 0),
	(2502, 191, 572, '', 0, 0),
	(2503, 191, 575, '', 0, 0),
	(2504, 191, 571, '', 0, 0),
	(2505, 191, 576, '', 0, 0),
	(2506, 192, 576, '', 0, 0),
	(2507, 192, 571, '', 0, 0),
	(2508, 192, 575, '', 0, 0),
	(2509, 192, 574, '', 0, 0),
	(2510, 192, 573, '', 0, 0),
	(2511, 192, 572, '', 0, 0),
	(2512, 193, 339, '', 0, 0),
	(2513, 193, 333, '', 0, 0),
	(2514, 193, 334, '', 0, 0),
	(2515, 193, 327, '', 0, 0),
	(2516, 193, 199, '', 0, 0),
	(2517, 193, 336, '', 0, 0),
	(2518, 193, 322, '', 0, 0),
	(2519, 193, 328, '', 0, 0),
	(2520, 193, 326, '', 0, 0),
	(2521, 193, 323, '', 0, 0),
	(2522, 193, 321, '', 0, 0),
	(2523, 193, 200, '', 0, 0),
	(2524, 193, 198, '', 0, 0),
	(2525, 194, 286, 'внимание', 1, 0),
	(2526, 194, 279, 'ветеран', 1, 0),
	(2527, 194, 266, 'в декабре', 1, 0),
	(2528, 194, 296, 'в право', 0, 0),
	(2529, 194, 276, 'велосипед', 1, 0),
	(2530, 194, 326, 'деревня', 1, 0),
	(2531, 194, 281, 'венегрет', 0, 0),
	(2532, 194, 299, 'выражение', 1, 0),
	(2533, 194, 272, 'ведь', 1, 0),
	(2534, 194, 292, 'восемь', 1, 0),
	(2535, 194, 334, 'до свидания', 1, 0),
	(2536, 194, 293, 'воскресенье', 1, 0),
	(2537, 194, 287, 'водоросли', 1, 0),
	(2538, 194, 573, 'язык', 1, 0),
	(2539, 194, 288, 'вокзал', 1, 0),
	(2540, 194, 574, 'январь', 1, 0),
	(2541, 194, 572, 'ягода', 1, 0),
	(2542, 194, 295, 'впереди', 1, 0),
	(2543, 194, 321, 'двенадцать', 1, 0),
	(2544, 194, 322, 'девочка', 1, 0),
	(2545, 195, 336, 'дорога', 1, 0),
	(2546, 195, 323, '', 0, 0),
	(2547, 195, 208, '', 0, 0),
	(2548, 195, 205, '', 0, 0),
	(2549, 195, 202, '', 0, 1),
	(2550, 195, 203, 'железо', 1, 0),
	(2551, 195, 198, '', 0, 0),
	(2552, 195, 339, '', 0, 0),
	(2553, 195, 206, '', 0, 0),
	(2554, 195, 333, 'дистанция', 1, 0),
	(2555, 195, 327, 'деревянный', 1, 0),
	(2556, 195, 199, 'еженедельник', 1, 0),
	(2557, 195, 326, '', 0, 1),
	(2558, 195, 210, '', 0, 1),
	(2559, 195, 204, 'Женщина', 1, 1),
	(2560, 195, 201, 'желание', 1, 0),
	(2561, 195, 200, 'ездить', 1, 1),
	(2562, 195, 334, 'До свидания', 1, 1),
	(2563, 195, 328, '', 0, 1),
	(2564, 195, 207, '', 0, 1),
	(2565, 196, 126, 'абидеть', 0, 0),
	(2566, 196, 161, 'ошиломить', 0, 0),
	(2567, 196, 160, 'ачивидец', 0, 0),
	(2568, 196, 149, 'апушка', 0, 0),
	(2569, 196, 156, 'атечество', 0, 0),
	(2570, 196, 159, 'аттенок', 0, 0),
	(2571, 196, 139, 'одинадцадь', 0, 0),
	(2572, 196, 133, 'оващьной', 0, 0),
	(2573, 196, 134, 'овраг', 1, 0),
	(2574, 196, 132, 'оващи', 0, 0),
	(2575, 196, 128, 'облоко', 0, 0),
	(2576, 196, 136, 'огарод', 0, 0),
	(2577, 196, 153, 'остановка', 1, 0),
	(2578, 196, 148, 'оптецизм', 0, 0),
	(2579, 196, 127, 'абетатель', 0, 0),
	(2580, 196, 145, 'актябрь', 0, 0),
	(2581, 196, 151, 'орнаминт', 0, 0),
	(2582, 196, 147, 'апрятный', 0, 0),
	(2583, 196, 135, 'авес', 0, 0),
	(2584, 196, 144, 'окало', 0, 1),
	(2585, 197, 212, 'Азия', 1, 0),
	(2586, 197, 234, 'аромат', 1, 0),
	(2587, 197, 229, 'аппетит', 1, 0),
	(2588, 197, 222, 'активный', 1, 0),
	(2589, 197, 226, 'ананас', 1, 0),
	(2590, 197, 239, 'афиша', 1, 0),
	(2591, 197, 240, 'аптека', 1, 0),
	(2592, 197, 237, 'ателье', 1, 0),
	(2593, 197, 238, 'атлет', 1, 0),
	(2594, 197, 215, 'авитаминоз', 1, 0),
	(2595, 198, 240, 'аптека', 1, 0),
	(2596, 198, 238, 'атлет', 1, 0),
	(2597, 198, 229, 'аппетит', 1, 0),
	(2598, 198, 222, 'активный', 1, 0),
	(2599, 198, 237, 'ателье', 1, 0),
	(2600, 198, 212, 'Азия', 1, 0),
	(2601, 198, 215, 'авитаминоз', 1, 0),
	(2602, 198, 234, 'аромат', 1, 0),
	(2603, 198, 226, 'ананас', 1, 0),
	(2604, 198, 239, 'афиша', 1, 0),
	(2605, 199, 229, 'аппетит', 1, 0),
	(2606, 199, 234, 'аромат', 1, 0),
	(2607, 199, 215, 'авитаминоз', 1, 0),
	(2608, 199, 239, 'афиша', 1, 0),
	(2609, 199, 238, 'атлет', 1, 0),
	(2610, 199, 226, 'ананас', 1, 0),
	(2611, 199, 212, 'Азия', 1, 0),
	(2612, 199, 222, 'активный', 1, 0),
	(2613, 199, 237, 'ателье', 1, 0),
	(2614, 199, 240, 'аптека', 1, 0),
	(2615, 200, 505, 'тренер', 1, 0),
	(2616, 200, 500, 'тонна', 1, 0),
	(2617, 200, 499, 'товарищ', 1, 0),
	(2618, 200, 494, 'тепловоз', 1, 0),
	(2619, 200, 495, 'террариум', 1, 0),
	(2620, 200, 501, 'топор', 1, 0),
	(2621, 200, 487, 'талант', 1, 0),
	(2622, 200, 496, 'терраса', 1, 0),
	(2623, 200, 497, 'территория', 1, 0),
	(2624, 200, 509, 'трехколесный', 1, 0),
	(2625, 201, 493, 'теперь', 1, 0),
	(2626, 201, 498, 'тетрадь', 1, 0),
	(2627, 201, 504, 'транскрипция', 1, 0),
	(2628, 201, 489, 'театр', 1, 0),
	(2629, 201, 506, 'тренироваться', 1, 0),
	(2630, 201, 491, 'телефон', 1, 0),
	(2631, 201, 502, 'трактор', 1, 0),
	(2632, 201, 488, 'тарелка', 1, 0),
	(2633, 201, 508, 'трясина', 1, 0),
	(2634, 201, 503, 'трамвай', 1, 0),
	(2635, 202, 506, 'тренироваться', 1, 0),
	(2636, 202, 489, 'театр', 1, 0),
	(2637, 202, 503, 'трамвай', 1, 0),
	(2638, 202, 492, 'температура', 1, 0),
	(2639, 202, 491, 'телефон', 1, 0),
	(2640, 202, 488, 'тарелка', 1, 0),
	(2641, 202, 508, 'трясина', 1, 0),
	(2642, 202, 498, 'тетрадь', 1, 0),
	(2643, 202, 502, 'трактор', 1, 0),
	(2644, 202, 493, 'теперь', 1, 0),
	(2645, 202, 504, 'транскрипция', 1, 0),
	(2646, 202, 490, 'телевизор', 1, 0),
	(2647, 202, 507, 'троллейбус', 1, 0),
	(2648, 203, 504, 'транскрипция', 1, 0),
	(2649, 203, 507, 'троллейбус', 1, 1),
	(2650, 203, 506, 'тренироваться', 1, 0),
	(2651, 203, 488, 'тарелка', 1, 0),
	(2652, 203, 491, 'телефон', 1, 0),
	(2653, 203, 493, 'теперь', 1, 0),
	(2654, 203, 503, 'трамвай', 1, 0),
	(2655, 203, 498, 'тетрадь', 1, 0),
	(2656, 203, 502, 'трактор', 1, 0),
	(2657, 203, 508, 'трясина', 1, 0),
	(2658, 203, 492, 'температура', 1, 0),
	(2659, 203, 490, 'телевизор', 1, 0),
	(2660, 203, 489, 'театр', 1, 0),
	(2661, 204, 317, 'греметь', 1, 0),
	(2662, 204, 306, 'гимназия', 1, 0),
	(2663, 204, 300, 'газета', 1, 1),
	(2664, 204, 309, 'гореть', 1, 0),
	(2665, 204, 305, 'герой', 1, 1),
	(2666, 204, 312, 'горох', 1, 0),
	(2667, 204, 311, 'город', 1, 0),
	(2668, 204, 319, 'гусеница', 1, 0),
	(2669, 204, 304, 'гвоздика', 1, 0),
	(2670, 204, 315, 'грамматика', 1, 0),
	(2671, 204, 302, 'гардероб', 1, 1),
	(2672, 204, 316, 'грамотный', 1, 1),
	(2673, 204, 313, 'горячий', 1, 0),
	(2674, 204, 303, 'гармония', 1, 1),
	(2675, 204, 314, 'готовить', 1, 0),
	(2676, 204, 301, 'галерея', 1, 0),
	(2677, 204, 308, 'гладиолус', 1, 0),
	(2678, 204, 310, 'горизонт', 1, 1),
	(2679, 204, 307, 'гитара', 1, 0),
	(2680, 204, 318, 'гремучий', 1, 0),
	(2681, 205, 325, 'деликатный', 1, 0),
	(2682, 205, 331, 'директор', 1, 0),
	(2683, 205, 338, 'дятел', 1, 0),
	(2684, 205, 332, 'дирижер', 1, 0),
	(2685, 205, 335, 'доверие', 1, 1),
	(2686, 205, 337, 'дрессировщик', 1, 0),
	(2687, 205, 330, 'диктант', 1, 0),
	(2688, 205, 329, 'диван', 1, 0),
	(2689, 205, 324, 'декабрь', 1, 0),
	(2690, 205, 320, 'Дед Мороз', 1, 1),
	(2691, 206, 569, 'юноша', 1, 1),
	(2692, 206, 570, 'юный', 1, 1),
	(2693, 206, 568, 'юмор', 1, 0),
	(2694, 207, 162, 'забавы', 1, 1),
	(2695, 207, 165, 'заготовка', 1, 1),
	(2696, 207, 178, 'земляника', 1, 1),
	(2697, 207, 169, 'заработок', 1, 0),
	(2698, 207, 170, 'зарисовка', 1, 1),
	(2699, 207, 172, 'засеять', 1, 0),
	(2700, 207, 176, 'здоровье', 1, 1),
	(2701, 207, 174, 'здание', 1, 0),
	(2702, 207, 163, 'завод', 1, 0),
	(2703, 207, 171, 'засекретить', 1, 0),
	(2704, 207, 166, 'запад', 1, 1),
	(2705, 207, 164, 'завтрак', 1, 1),
	(2706, 207, 175, 'здесь', 1, 1),
	(2707, 207, 167, 'заповедник', 1, 1),
	(2708, 207, 168, 'запорошить', 1, 0),
	(2709, 207, 179, 'знакомиться', 1, 0),
	(2710, 207, 177, 'земледелие', 1, 0),
	(2711, 207, 173, 'заяц', 1, 0),
	(2712, 208, 121, 'неуклюже', 1, 1),
	(2713, 208, 110, 'накануне', 1, 1),
	(2714, 208, 113, 'народ', 1, 0),
	(2715, 208, 118, 'ненавидеть', 1, 1),
	(2716, 208, 123, 'неуклюжий', 1, 0),
	(2717, 208, 116, 'недоросль', 1, 0),
	(2718, 208, 122, 'ноябрь', 1, 1),
	(2719, 208, 111, 'налево', 1, 0),
	(2720, 208, 119, 'необычный', 1, 1),
	(2721, 208, 112, 'направо', 1, 0),
	(2722, 209, 114, 'негодовать', 1, 0),
	(2723, 209, 120, 'неприятель', 1, 1),
	(2724, 209, 115, 'неделя', 1, 0),
	(2725, 209, 109, 'назад', 1, 0),
	(2726, 209, 117, 'недоумевать', 1, 1),
	(2727, 210, 289, '', 0, 0),
	(2728, 210, 275, '', 0, 0),
	(2729, 210, 277, '', 0, 0),
	(2730, 210, 281, '', 0, 0),
	(2731, 210, 286, 'вниманее', 0, 0),
	(2732, 210, 267, '', 0, 0),
	(2733, 210, 291, '', 0, 0),
	(2734, 210, 293, '', 0, 0),
	(2735, 210, 276, '', 0, 0),
	(2736, 210, 294, '', 0, 0),
	(2737, 210, 273, '', 0, 0),
	(2738, 210, 269, '', 0, 0),
	(2739, 210, 270, '', 0, 0),
	(2740, 210, 279, '', 0, 0),
	(2741, 210, 299, '', 0, 0),
	(2742, 210, 297, '', 0, 0),
	(2743, 210, 284, '', 0, 0),
	(2744, 210, 272, '', 0, 0),
	(2745, 210, 296, '', 0, 0),
	(2746, 210, 290, '', 0, 0);
/*!40000 ALTER TABLE `test_task_question` ENABLE KEYS */;

-- Дамп структуры для таблица onlinetest.user
CREATE TABLE IF NOT EXISTS `user` (
  `id` int(11) NOT NULL AUTO_INCREMENT,
  `login` varchar(255) NOT NULL COMMENT 'Логин',
  `name` varchar(255) NOT NULL COMMENT 'ФИО',
  `email` varchar(255) DEFAULT NULL COMMENT 'E-mail',
  `password_hash` varchar(255) NOT NULL COMMENT 'Пароль',
  `auth_key` varchar(32) NOT NULL COMMENT 'Ключ авторизации',
  `password_reset_token` varchar(255) DEFAULT NULL COMMENT 'Токен для восстановления пароля',
  `created_at` timestamp NOT NULL DEFAULT CURRENT_TIMESTAMP COMMENT 'Дата создания',
  `help_is_read` tinyint(3) NOT NULL DEFAULT '0' COMMENT 'Справка прочитана?',
  PRIMARY KEY (`id`),
  UNIQUE KEY `login` (`login`),
  UNIQUE KEY `password_reset_token` (`password_reset_token`),
  KEY `email` (`email`)
) ENGINE=InnoDB DEFAULT CHARSET=utf8 COMMENT='Пользователи';

-- Дамп данных таблицы onlinetest.user: ~5 rows (приблизительно)
/*!40000 ALTER TABLE `user` DISABLE KEYS */;
INSERT INTO `user` (`id`, `login`, `name`, `email`, `password_hash`, `auth_key`, `password_reset_token`, `created_at`, `help_is_read`) VALUES
	(1, 'kozlovsv78@gmail.com', 'Козлов Сергей', 'kozlovsv78@gmail.com', '$2y$13$TDsj6vuLIMDeLEZzAmLvp.kBDs3168I1wbdgCLTa5GiRDuzMQ6fWq', '1', 'uvmRmgGLWStEzJzKsnH03vn9LZsGf2Li_1585816019', '2020-02-11 18:11:56', 1),
	(3, 'kozloves', 'Козлов Егор', '', '$2y$13$eA2OxViCNXc7XfKMnzmIcO4h8WjgHJTN7i3gaLZjKH6kYs7Mj8ycy', '', NULL, '2020-02-17 22:22:50', 1),
	(4, 'ekat-kozlova', 'Козлова Екатерина', 'ekat-kozlova@mail.ru', '$2y$13$Cp0dzDmSmjs4NjPfUF/rdut6cSHTnU54zjrJrQawn3j/LFsSvqkX.', '', NULL, '2020-02-18 20:12:18', 0),
	(7, 'Irina.66', 'Калачева Ирина Валерьевна ', 'irishka-0994@mail.ru', '$2y$13$x.a53lzlQYTubvjEtCJCsecna3iuTUYP8MgpCmC7ASmvoLL27nfcm', '', NULL, '2020-03-12 14:01:25', 1);
/*!40000 ALTER TABLE `user` ENABLE KEYS */;

-- Дамп структуры для таблица onlinetest.user_achievement
CREATE TABLE IF NOT EXISTS `user_achievement` (
  `id` int(11) NOT NULL AUTO_INCREMENT,
  `user_id` int(11) NOT NULL COMMENT 'Пользователь',
  `letter_id` int(11) NOT NULL COMMENT 'Буква',
  `created_at` timestamp NOT NULL DEFAULT CURRENT_TIMESTAMP COMMENT 'Дата создания',
  `test_task_id` int(11) NOT NULL COMMENT 'Тест',
  PRIMARY KEY (`id`),
  KEY `user_id` (`user_id`),
  KEY `letter_id` (`letter_id`),
  KEY `test_task_id` (`test_task_id`),
  CONSTRAINT `user_achievement_letter_FK` FOREIGN KEY (`letter_id`) REFERENCES `letter` (`id`),
  CONSTRAINT `user_achievement_test_task_FK` FOREIGN KEY (`test_task_id`) REFERENCES `test_task` (`id`) ON DELETE CASCADE,
  CONSTRAINT `user_achievement_user_FK` FOREIGN KEY (`user_id`) REFERENCES `user` (`id`)
) ENGINE=InnoDB DEFAULT CHARSET=utf8 COMMENT='Достижения пользователя по буквам';

-- Дамп данных таблицы onlinetest.user_achievement: ~77 rows (приблизительно)
/*!40000 ALTER TABLE `user_achievement` DISABLE KEYS */;
INSERT INTO `user_achievement` (`id`, `user_id`, `letter_id`, `created_at`, `test_task_id`) VALUES
	(6, 3, 1, '2020-02-27 21:39:58', 44),
	(7, 3, 1, '2020-02-27 21:41:50', 45),
	(8, 3, 1, '2020-02-27 21:43:05', 46),
	(9, 3, 2, '2020-02-27 21:51:53', 49),
	(12, 3, 3, '2020-03-01 23:07:15', 64),
	(13, 3, 4, '2020-03-01 23:09:50', 66),
	(17, 3, 5, '2020-03-01 23:11:49', 68),
	(18, 3, 5, '2020-03-02 12:44:20', 69),
	(19, 3, 2, '2020-03-02 12:46:33', 70),
	(20, 3, 3, '2020-03-02 12:47:53', 71),
	(21, 3, 3, '2020-03-02 12:49:14', 73),
	(22, 3, 3, '2020-03-02 12:49:54', 74),
	(23, 3, 15, '2020-03-03 09:06:57', 76),
	(24, 3, 15, '2020-03-03 09:09:01', 77),
	(25, 3, 15, '2020-03-03 09:09:48', 78),
	(26, 3, 15, '2020-03-03 09:10:38', 79),
	(27, 3, 6, '2020-03-03 21:55:58', 85),
	(28, 3, 7, '2020-03-03 21:57:13', 86),
	(29, 3, 8, '2020-03-03 22:00:30', 87),
	(30, 3, 8, '2020-03-03 22:01:19', 88),
	(33, 1, 3, '2020-03-06 20:18:33', 99),
	(34, 1, 3, '2020-03-06 20:41:00', 100),
	(35, 1, 3, '2020-03-06 20:41:58', 101),
	(36, 1, 6, '2020-03-06 20:44:44', 103),
	(37, 1, 5, '2020-03-06 20:45:41', 104),
	(38, 3, 16, '2020-03-10 21:47:26', 112),
	(39, 3, 16, '2020-03-10 21:54:34', 114),
	(40, 3, 11, '2020-03-16 12:38:45', 117),
	(41, 3, 11, '2020-03-16 12:46:54', 120),
	(42, 3, 11, '2020-03-16 12:49:26', 121),
	(43, 3, 11, '2020-03-16 12:51:51', 122),
	(44, 3, 17, '2020-03-16 20:12:59', 124),
	(45, 3, 17, '2020-03-16 20:18:05', 129),
	(46, 3, 17, '2020-03-16 20:18:57', 130),
	(47, 3, 16, '2020-03-16 20:20:52', 131),
	(48, 3, 12, '2020-03-16 20:23:41', 132),
	(49, 3, 16, '2020-03-16 20:28:28', 133),
	(50, 3, 16, '2020-03-16 20:43:25', 134),
	(51, 3, 12, '2020-03-17 09:45:16', 138),
	(52, 3, 9, '2020-03-17 09:47:46', 139),
	(53, 3, 9, '2020-03-17 09:49:49', 140),
	(54, 3, 16, '2020-03-17 09:54:13', 141),
	(55, 3, 16, '2020-03-17 11:51:25', 142),
	(56, 3, 16, '2020-03-17 11:54:04', 143),
	(64, 3, 16, '2020-03-17 11:54:04', 143),
	(65, 1, 3, '2020-03-20 09:53:24', 155),
	(66, 1, 7, '2020-03-20 09:54:18', 156),
	(67, 1, 9, '2020-03-20 09:55:45', 157),
	(68, 1, 9, '2020-03-20 09:55:45', 157),
	(70, 1, 17, '2020-03-20 10:01:25', 159),
	(71, 1, 17, '2020-03-20 10:01:25', 159),
	(72, 1, 17, '2020-03-20 10:01:25', 159),
	(75, 1, 2, '2020-03-20 19:05:56', 171),
	(76, 1, 2, '2020-03-20 19:06:55', 172),
	(77, 1, 2, '2020-03-20 19:06:55', 172),
	(78, 1, 16, '2020-03-20 19:14:43', 173),
	(79, 1, 16, '2020-03-20 19:14:43', 173),
	(80, 1, 16, '2020-03-20 19:14:43', 173),
	(81, 1, 16, '2020-03-20 19:14:43', 173),
	(82, 1, 16, '2020-03-20 19:14:43', 173),
	(83, 1, 16, '2020-03-20 19:14:43', 173),
	(84, 1, 16, '2020-03-20 19:14:43', 173),
	(85, 1, 16, '2020-03-20 19:14:43', 173),
	(86, 1, 15, '2020-03-20 19:17:29', 174),
	(87, 1, 15, '2020-03-20 19:18:22', 175),
	(88, 1, 15, '2020-03-20 19:19:54', 176),
	(89, 1, 15, '2020-03-20 19:19:54', 176),
	(90, 1, 1, '2020-03-20 19:21:57', 177),
	(91, 1, 1, '2020-03-20 19:24:27', 180),
	(92, 1, 29, '2020-03-20 19:41:14', 186),
	(94, 1, 19, '2020-04-06 17:06:05', 200),
	(95, 1, 19, '2020-04-06 17:06:24', 200),
	(96, 1, 19, '2020-04-06 17:08:15', 202),
	(97, 1, 1, '2020-04-06 17:13:55', 199),
	(98, 1, 4, '2020-04-06 17:18:05', 204),
	(99, 1, 4, '2020-04-06 17:18:05', 204),
	(100, 1, 5, '2020-04-06 17:43:46', 205),
	(101, 1, 28, '2020-04-06 17:45:11', 206),
	(102, 1, 8, '2020-04-06 17:47:45', 207),
	(103, 1, 8, '2020-04-06 17:47:45', 207),
	(104, 1, 14, '2020-04-06 17:48:40', 208),
	(105, 1, 14, '2020-04-06 17:49:06', 209);
/*!40000 ALTER TABLE `user_achievement` ENABLE KEYS */;

-- Дамп структуры для таблица onlinetest.vocabulary_word
CREATE TABLE IF NOT EXISTS `vocabulary_word` (
  `id` int(11) NOT NULL AUTO_INCREMENT,
  `title` varchar(255) NOT NULL COMMENT 'Слово',
  `letter_id` int(11) NOT NULL COMMENT 'Буква',
  PRIMARY KEY (`id`),
  UNIQUE KEY `title` (`title`),
  KEY `letter_id` (`letter_id`),
  CONSTRAINT `vocabulary_word_letter_FK` FOREIGN KEY (`letter_id`) REFERENCES `letter` (`id`)
) ENGINE=InnoDB DEFAULT CHARSET=utf8 COMMENT='Словарные слова';

-- Дамп данных таблицы onlinetest.vocabulary_word: ~576 rows (приблизительно)
/*!40000 ALTER TABLE `vocabulary_word` DISABLE KEYS */;
INSERT INTO `vocabulary_word` (`id`, `title`, `letter_id`) VALUES
	(1, 'кабан', 11),
	(2, 'кабинет', 11),
	(3, 'календарь', 11),
	(4, 'каллиграфия', 11),
	(5, 'канава', 11),
	(6, 'канал', 11),
	(7, 'канарейка', 11),
	(8, 'каникулы', 11),
	(9, 'капуста', 11),
	(10, 'карандаш', 11),
	(11, 'карась', 11),
	(12, 'карман', 11),
	(13, 'картина', 11),
	(14, 'картон', 11),
	(15, 'картофель', 11),
	(16, 'кастрюля', 11),
	(17, 'каталог', 11),
	(18, 'катушка', 11),
	(19, 'квартал', 11),
	(20, 'квартира', 11),
	(21, 'килограмм', 11),
	(22, 'километр', 11),
	(23, 'кипятить', 11),
	(24, 'кипяток', 11),
	(25, 'класс', 11),
	(26, 'коктейль', 11),
	(27, 'колесница', 11),
	(28, 'колесо', 11),
	(29, 'колибри', 11),
	(30, 'коллектив', 11),
	(31, 'коллекция', 11),
	(32, 'колхоз', 11),
	(33, 'комбайн', 11),
	(34, 'комета', 11),
	(35, 'комиссия', 11),
	(36, 'комната', 11),
	(37, 'компот', 11),
	(38, 'компьютер', 11),
	(39, 'конверт', 11),
	(40, 'конфета', 11),
	(41, 'концерт', 11),
	(42, 'коньки', 11),
	(43, 'корабль', 11),
	(44, 'корзина', 11),
	(45, 'коридор', 11),
	(46, 'коричневый', 11),
	(47, 'корова', 11),
	(48, 'корреспондент', 11),
	(49, 'космос', 11),
	(50, 'костюм', 11),
	(51, 'костер', 11),
	(52, 'котелок', 11),
	(53, 'котлета', 11),
	(54, 'кочан', 11),
	(55, 'кочевник', 11),
	(56, 'кочерыжка', 11),
	(57, 'кочующий', 11),
	(58, 'красивый', 11),
	(59, 'кристалл', 11),
	(60, 'кровать', 11),
	(61, 'крокодил', 11),
	(62, 'кроссворд', 11),
	(63, 'кроссовки', 11),
	(64, 'лагерь', 12),
	(65, 'ладони', 12),
	(66, 'ладоши', 12),
	(67, 'лазурный', 12),
	(68, 'легенда', 12),
	(69, 'легко', 12),
	(70, 'лестница', 12),
	(71, 'лиловый', 12),
	(72, 'локомотив', 12),
	(73, 'лопата', 12),
	(74, 'лопух', 12),
	(75, 'Москва', 13),
	(76, 'магазин', 13),
	(77, 'магнитофон', 13),
	(78, 'макет', 13),
	(79, 'макушка', 13),
	(80, 'малина', 13),
	(81, 'мальчик', 13),
	(82, 'маляр', 13),
	(83, 'мандарин', 13),
	(84, 'маршрут', 13),
	(85, 'масштаб', 13),
	(86, 'матч', 13),
	(87, 'машина', 13),
	(88, 'маяк', 13),
	(89, 'мебель', 13),
	(90, 'медальон', 13),
	(91, 'медведь', 13),
	(92, 'месяц', 13),
	(93, 'металл', 13),
	(94, 'метафора', 13),
	(95, 'метро', 13),
	(96, 'мечта', 13),
	(97, 'миллион', 13),
	(98, 'могучий', 13),
	(99, 'можжевельник', 13),
	(100, 'молоко', 13),
	(101, 'молоток', 13),
	(102, 'монолог', 13),
	(103, 'морковь', 13),
	(104, 'мороженое', 13),
	(105, 'мороз', 13),
	(106, 'муравей', 13),
	(107, 'мякоть', 13),
	(108, 'мятеж', 13),
	(109, 'назад', 14),
	(110, 'накануне', 14),
	(111, 'налево', 14),
	(112, 'направо', 14),
	(113, 'народ', 14),
	(114, 'негодовать', 14),
	(115, 'неделя', 14),
	(116, 'недоросль', 14),
	(117, 'недоумевать', 14),
	(118, 'ненавидеть', 14),
	(119, 'необычный', 14),
	(120, 'неприятель', 14),
	(121, 'неуклюже', 14),
	(122, 'ноябрь', 14),
	(123, 'неуклюжий', 14),
	(124, 'обед', 15),
	(125, 'оберегать', 15),
	(126, 'обидеть', 15),
	(127, 'обитатель', 15),
	(128, 'облако', 15),
	(129, 'обоняние', 15),
	(130, 'оборона', 15),
	(131, 'образ', 15),
	(132, 'овощи', 15),
	(133, 'овощной', 15),
	(134, 'овраг', 15),
	(135, 'овес', 15),
	(136, 'огород', 15),
	(137, 'огурец', 15),
	(138, 'одежда', 15),
	(139, 'одиннадцать', 15),
	(140, 'однажды', 15),
	(141, 'однофамилец', 15),
	(142, 'озорник', 15),
	(143, 'океан', 15),
	(144, 'около', 15),
	(145, 'октябрь', 15),
	(146, 'оловянный', 15),
	(147, 'опрятный', 15),
	(148, 'оптимизм', 15),
	(149, 'опушка', 15),
	(150, 'орех', 15),
	(151, 'орнамент', 15),
	(152, 'осина', 15),
	(153, 'остановка', 15),
	(154, 'отвага', 15),
	(155, 'отец', 15),
	(156, 'отечество', 15),
	(157, 'отражение', 15),
	(158, 'отрасль', 15),
	(159, 'оттенок', 15),
	(160, 'очевидец', 15),
	(161, 'ошеломить', 15),
	(162, 'забавы', 8),
	(163, 'завод', 8),
	(164, 'завтрак', 8),
	(165, 'заготовка', 8),
	(166, 'запад', 8),
	(167, 'заповедник', 8),
	(168, 'запорошить', 8),
	(169, 'заработок', 8),
	(170, 'зарисовка', 8),
	(171, 'засекретить', 8),
	(172, 'засеять', 8),
	(173, 'заяц', 8),
	(174, 'здание', 8),
	(175, 'здесь', 8),
	(176, 'здоровье', 8),
	(177, 'земледелие', 8),
	(178, 'земляника', 8),
	(179, 'знакомиться', 8),
	(180, 'Игорь', 9),
	(181, 'иволга', 9),
	(182, 'изложение', 9),
	(183, 'изображение', 9),
	(184, 'изумительный', 9),
	(185, 'изумрудный', 9),
	(186, 'иллюминация', 9),
	(187, 'иллюстрация', 9),
	(188, 'иней', 9),
	(189, 'инженер', 9),
	(190, 'инициатива', 9),
	(191, 'инициатор', 9),
	(192, 'интеллигент', 9),
	(193, 'интонация', 9),
	(194, 'информация', 9),
	(195, 'искренний', 9),
	(196, 'искусство', 9),
	(197, 'исполин', 9),
	(198, 'ежемесячно', 6),
	(199, 'еженедельник', 6),
	(200, 'ездить', 6),
	(201, 'желание', 7),
	(202, 'желать', 7),
	(203, 'железо', 7),
	(204, 'женщина', 7),
	(205, 'живопись', 7),
	(206, 'животное', 7),
	(207, 'жилет', 7),
	(208, 'жилище', 7),
	(209, 'жужжать', 7),
	(210, 'жюри', 7),
	(211, 'Австралия', 1),
	(212, 'Азия', 1),
	(213, 'Антарктида', 1),
	(214, 'Африка', 1),
	(215, 'авитаминоз', 1),
	(216, 'автобус', 1),
	(217, 'автомобиль', 1),
	(218, 'агроном', 1),
	(219, 'адрес', 1),
	(220, 'аккорд', 1),
	(221, 'аккуратно', 1),
	(222, 'активный', 1),
	(223, 'аллея', 1),
	(224, 'алмаз', 1),
	(225, 'альбом', 1),
	(226, 'ананас', 1),
	(227, 'анекдот', 1),
	(228, 'апельсин', 1),
	(229, 'аппетит', 1),
	(230, 'аппликация', 1),
	(231, 'апрель', 1),
	(232, 'арбуз', 1),
	(233, 'арена', 1),
	(234, 'аромат', 1),
	(235, 'артиллерия', 1),
	(236, 'артист', 1),
	(237, 'ателье', 1),
	(238, 'атлет', 1),
	(239, 'афиша', 1),
	(240, 'аптека', 1),
	(241, 'багаж', 2),
	(242, 'багрянец', 2),
	(243, 'баклажан', 2),
	(244, 'балет', 2),
	(245, 'балкон', 2),
	(246, 'барабан', 2),
	(247, 'баскетбол', 2),
	(248, 'баян', 2),
	(249, 'бегемот', 2),
	(250, 'берег', 2),
	(251, 'беречь', 2),
	(252, 'береза', 2),
	(253, 'беседа', 2),
	(254, 'беседовать', 2),
	(255, 'библиотека', 2),
	(256, 'билет', 2),
	(257, 'бинокль', 2),
	(258, 'биография', 2),
	(259, 'бирюзовый', 2),
	(260, 'богатство', 2),
	(261, 'болото', 2),
	(262, 'борозда', 2),
	(263, 'ботинки', 2),
	(264, 'брошюра', 2),
	(265, 'бульдозер', 2),
	(266, 'в декабре', 3),
	(267, 'в ноябре', 3),
	(268, 'вагон', 3),
	(269, 'валенки', 3),
	(270, 'варежки', 3),
	(271, 'вверху', 3),
	(272, 'ведь', 3),
	(273, 'вежливый', 3),
	(274, 'везде', 3),
	(275, 'велогонки', 3),
	(276, 'велосипед', 3),
	(277, 'вестибюль', 3),
	(278, 'ветер', 3),
	(279, 'ветеран', 3),
	(280, 'викторина', 3),
	(281, 'винегрет', 3),
	(282, 'витамин', 3),
	(283, 'витрина', 3),
	(284, 'влево', 3),
	(285, 'внизу', 3),
	(286, 'внимание', 3),
	(287, 'водоросли', 3),
	(288, 'вокзал', 3),
	(289, 'вокруг', 3),
	(290, 'волшебник', 3),
	(291, 'воробей', 3),
	(292, 'восемь', 3),
	(293, 'воскресенье', 3),
	(294, 'восток', 3),
	(295, 'впереди', 3),
	(296, 'вправо', 3),
	(297, 'вскоре', 3),
	(298, 'вчера', 3),
	(299, 'выражение', 3),
	(300, 'газета', 4),
	(301, 'галерея', 4),
	(302, 'гардероб', 4),
	(303, 'гармония', 4),
	(304, 'гвоздика', 4),
	(305, 'герой', 4),
	(306, 'гимназия', 4),
	(307, 'гитара', 4),
	(308, 'гладиолус', 4),
	(309, 'гореть', 4),
	(310, 'горизонт', 4),
	(311, 'город', 4),
	(312, 'горох', 4),
	(313, 'горячий', 4),
	(314, 'готовить', 4),
	(315, 'грамматика', 4),
	(316, 'грамотный', 4),
	(317, 'греметь', 4),
	(318, 'гремучий', 4),
	(319, 'гусеница', 4),
	(320, 'Дед Мороз', 5),
	(321, 'двенадцать', 5),
	(322, 'девочка', 5),
	(323, 'дежурный', 5),
	(324, 'декабрь', 5),
	(325, 'деликатный', 5),
	(326, 'деревня', 5),
	(327, 'деревянный', 5),
	(328, 'диалог', 5),
	(329, 'диван', 5),
	(330, 'диктант', 5),
	(331, 'директор', 5),
	(332, 'дирижер', 5),
	(333, 'дистанция', 5),
	(334, 'до свидания', 5),
	(335, 'доверие', 5),
	(336, 'дорога', 5),
	(337, 'дрессировщик', 5),
	(338, 'дятел', 5),
	(339, 'доверять', 5),
	(340, 'павильон', 16),
	(341, 'пальто', 16),
	(342, 'пансионат', 16),
	(343, 'парашют', 16),
	(344, 'паркет', 16),
	(345, 'пароль', 16),
	(346, 'пассажир', 16),
	(347, 'пассивный', 16),
	(348, 'пастбище', 16),
	(349, 'пастух', 16),
	(350, 'патрон', 16),
	(351, 'паук', 16),
	(352, 'паутина', 16),
	(353, 'пейзаж', 16),
	(354, 'пенал', 16),
	(355, 'песок', 16),
	(356, 'пессимизм', 16),
	(357, 'песчаный', 16),
	(358, 'петух', 16),
	(359, 'пианино', 16),
	(360, 'пингвин', 16),
	(361, 'пичужка', 16),
	(362, 'платок', 16),
	(363, 'платформа', 16),
	(364, 'племянник', 16),
	(365, 'по-заячьи', 16),
	(366, 'по-кабаньи', 16),
	(367, 'по-моему', 16),
	(368, 'по-собачьи', 16),
	(369, 'по-солдатски', 16),
	(370, 'по-товарищески', 16),
	(371, 'победа', 16),
	(372, 'повествовательный', 16),
	(373, 'погода', 16),
	(374, 'погожий денек', 16),
	(375, 'погремушка', 16),
	(376, 'подготовка', 16),
	(377, 'подорожник', 16),
	(378, 'подосиновик', 16),
	(379, 'пожалуйста', 16),
	(380, 'поколение', 16),
	(381, 'помидор', 16),
	(382, 'понедельник', 16),
	(383, 'поразительный', 16),
	(384, 'пороша', 16),
	(385, 'портрет', 16),
	(386, 'порхать', 16),
	(387, 'посуда', 16),
	(388, 'потом', 16),
	(389, 'поэзия', 16),
	(390, 'правительство', 16),
	(391, 'председатель', 16),
	(392, 'прекрасный', 16),
	(393, 'пренебрегать', 16),
	(394, 'препинание', 16),
	(395, 'преподавать', 16),
	(396, 'прибор', 16),
	(397, 'привет', 16),
	(398, 'прикроватный', 16),
	(399, 'пример', 16),
	(400, 'примитивный', 16),
	(401, 'приобрести', 16),
	(402, 'природа', 16),
	(403, 'природоведение', 16),
	(404, 'причина', 16),
	(405, 'пропаганда', 16),
	(406, 'профессия', 16),
	(407, 'путешественник', 16),
	(408, 'пшеница', 16),
	(409, 'пятница', 16),
	(410, 'почтальон', 16),
	(411, 'Россия', 17),
	(412, 'работа', 17),
	(413, 'равнина', 17),
	(414, 'район', 17),
	(415, 'ракета', 17),
	(416, 'рапорт', 17),
	(417, 'рассказ', 17),
	(418, 'расстояние', 17),
	(419, 'растение', 17),
	(420, 'ребята', 17),
	(421, 'революция', 17),
	(422, 'режиссер', 17),
	(423, 'рекорд', 17),
	(424, 'ремень', 17),
	(425, 'республика', 17),
	(426, 'решебник', 17),
	(427, 'решительный', 17),
	(428, 'рисунок', 17),
	(429, 'родина', 17),
	(430, 'ромашка', 17),
	(431, 'рюкзак', 17),
	(432, 'рябина', 17),
	(433, 'салазки', 18),
	(434, 'салют', 18),
	(435, 'самолет', 18),
	(436, 'сапоги', 18),
	(437, 'сатира', 18),
	(438, 'сахар', 18),
	(439, 'сверкать', 18),
	(440, 'светлячки', 18),
	(441, 'свидетель', 18),
	(442, 'свобода', 18),
	(443, 'сгиб', 18),
	(444, 'сеанс', 18),
	(445, 'север', 18),
	(446, 'сегодня', 18),
	(447, 'сейчас', 18),
	(448, 'секрет', 18),
	(449, 'семена', 18),
	(450, 'сентябрь', 18),
	(451, 'серебристый', 18),
	(452, 'серебряный', 18),
	(453, 'сеялка', 18),
	(454, 'сигнал', 18),
	(455, 'синица', 18),
	(456, 'сирень', 18),
	(457, 'сияние', 18),
	(458, 'сиять', 18),
	(459, 'скамейка', 18),
	(460, 'скорпион', 18),
	(461, 'слева', 18),
	(462, 'слышать', 18),
	(463, 'собака', 18),
	(464, 'солдат', 18),
	(465, 'соловей', 18),
	(466, 'солома', 18),
	(467, 'соревноваться', 18),
	(468, 'сорока', 18),
	(469, 'состязание', 18),
	(470, 'сосулька', 18),
	(471, 'сочинение', 18),
	(472, 'спартакиада', 18),
	(473, 'спасибо', 18),
	(474, 'спектакль', 18),
	(475, 'спортсмен', 18),
	(476, 'справа', 18),
	(477, 'справедливый ', 18),
	(478, 'спрягать', 18),
	(479, 'спряжение', 18),
	(480, 'стадион', 18),
	(481, 'стакан', 18),
	(482, 'стихотворение', 18),
	(483, 'столица', 18),
	(484, 'стрекоза', 18),
	(485, 'стремиться', 18),
	(486, 'суббота', 18),
	(487, 'талант', 19),
	(488, 'тарелка', 19),
	(489, 'театр', 19),
	(490, 'телевизор', 19),
	(491, 'телефон', 19),
	(492, 'температура', 19),
	(493, 'теперь', 19),
	(494, 'тепловоз', 19),
	(495, 'террариум', 19),
	(496, 'терраса', 19),
	(497, 'территория', 19),
	(498, 'тетрадь', 19),
	(499, 'товарищ', 19),
	(500, 'тонна', 19),
	(501, 'топор', 19),
	(502, 'трактор', 19),
	(503, 'трамвай', 19),
	(504, 'транскрипция', 19),
	(505, 'тренер', 19),
	(506, 'тренироваться', 19),
	(507, 'троллейбус', 19),
	(508, 'трясина', 19),
	(509, 'трехколесный', 19),
	(510, 'убеждение', 20),
	(511, 'увидеть', 20),
	(512, 'ужин', 20),
	(513, 'улица', 20),
	(514, 'университет', 20),
	(515, 'упражнение', 20),
	(516, 'ураган', 20),
	(517, 'урожай', 20),
	(518, 'ученик', 20),
	(519, 'учитель', 20),
	(520, 'фамилия', 21),
	(521, 'фантазия', 21),
	(522, 'фантастика', 21),
	(523, 'фасоль', 21),
	(524, 'февраль', 21),
	(525, 'фейерверк', 21),
	(526, 'фигура', 21),
	(527, 'финиш', 21),
	(528, 'фиолетовый', 21),
	(529, 'фойе', 21),
	(530, 'фольга', 21),
	(531, 'фонарщик', 21),
	(532, 'фонарь', 21),
	(533, 'фонтан', 21),
	(534, 'фотоаппарат', 21),
	(535, 'фразеологизм', 21),
	(536, 'футбол', 21),
	(537, 'Харитонов', 22),
	(538, 'хлебороб', 22),
	(539, 'хозяйство', 22),
	(540, 'хоккей', 22),
	(541, 'хорошо', 22),
	(542, 'цитата', 23),
	(543, 'человечество', 24),
	(544, 'четверг', 24),
	(545, 'чехол', 24),
	(546, 'чешуя', 24),
	(547, 'чувствовать', 24),
	(548, 'Шотландия', 25),
	(549, 'шампиньон', 25),
	(550, 'шестнадцать', 25),
	(551, 'шоколад', 25),
	(552, 'шоссе', 25),
	(553, 'шофер', 25),
	(554, 'шпион', 25),
	(555, 'эгоизм', 27),
	(556, 'экзамен', 27),
	(557, 'экипаж', 27),
	(558, 'экскаватор', 27),
	(559, 'экскурсия', 27),
	(560, 'эксперимент', 27),
	(561, 'экспресс', 27),
	(562, 'электричество', 27),
	(563, 'электровоз', 27),
	(564, 'электростанция', 27),
	(565, 'энергия', 27),
	(566, 'эскалатор', 27),
	(567, 'эскимо', 27),
	(568, 'юмор', 28),
	(569, 'юноша', 28),
	(570, 'юный', 28),
	(571, 'яблоко', 29),
	(572, 'ягода', 29),
	(573, 'язык', 29),
	(574, 'январь', 29),
	(575, 'янтарный', 29),
	(576, 'ящерица', 29),
	(579, 'ярузак', 29);
/*!40000 ALTER TABLE `vocabulary_word` ENABLE KEYS */;

-- Дамп структуры для таблица onlinetest.vocabulary_word_variant
CREATE TABLE IF NOT EXISTS `vocabulary_word_variant` (
  `id` int(11) NOT NULL AUTO_INCREMENT,
  `vocabulary_word_id` int(11) NOT NULL COMMENT 'Словарное слово',
  `title` varchar(255) NOT NULL DEFAULT '' COMMENT 'Неправильное слово',
  PRIMARY KEY (`id`),
  KEY `vocabulary_word_id` (`vocabulary_word_id`),
  CONSTRAINT `vocabulary_word_variant_vocabulary_word_FK` FOREIGN KEY (`vocabulary_word_id`) REFERENCES `vocabulary_word` (`id`) ON DELETE CASCADE
) ENGINE=InnoDB DEFAULT CHARSET=utf8 COMMENT='Неправильные варианты слов';

-- Дамп данных таблицы onlinetest.vocabulary_word_variant: ~1 093 rows (приблизительно)
/*!40000 ALTER TABLE `vocabulary_word_variant` DISABLE KEYS */;
INSERT INTO `vocabulary_word_variant` (`id`, `vocabulary_word_id`, `title`) VALUES
	(1, 1, 'кобан'),
	(2, 2, 'кобинет'),
	(3, 2, 'кабенет'),
	(4, 2, 'кобенет'),
	(5, 3, 'колендарь'),
	(6, 3, 'калиндарь'),
	(7, 3, 'колиндарь'),
	(8, 4, 'калиграфия'),
	(9, 4, 'коллиграфия'),
	(10, 4, 'колиграфия'),
	(11, 5, 'конава'),
	(12, 6, 'конал'),
	(13, 7, 'конарейка'),
	(14, 7, 'конорейка'),
	(15, 8, 'коникулы'),
	(16, 8, 'каникуллы'),
	(17, 9, 'копуста'),
	(18, 10, 'корандаш'),
	(19, 10, 'корондаш'),
	(20, 11, 'корась'),
	(21, 12, 'корман'),
	(22, 13, 'кортина'),
	(23, 14, 'кортон'),
	(24, 15, 'кортофель'),
	(25, 16, 'кострюля'),
	(26, 17, 'коталог'),
	(27, 18, 'котушка'),
	(28, 19, 'квортал'),
	(29, 20, 'квортира'),
	(30, 21, 'киллограм'),
	(31, 21, 'килограм'),
	(32, 21, 'киллограмм'),
	(33, 22, 'киллометр'),
	(34, 22, 'киламетр'),
	(35, 23, 'кипетить'),
	(36, 23, 'кипитить'),
	(37, 24, 'кипиток'),
	(38, 24, 'кепяток'),
	(39, 24, 'кепиток'),
	(40, 25, 'клас'),
	(41, 26, 'коктель'),
	(42, 26, 'кактель'),
	(43, 26, 'кактейль'),
	(44, 27, 'колестница'),
	(45, 27, 'калесница'),
	(46, 27, 'калестница'),
	(47, 28, 'калесо'),
	(48, 28, 'колисо'),
	(49, 28, 'калисо'),
	(50, 29, 'калибри'),
	(51, 30, 'каллектив'),
	(52, 30, 'колектив'),
	(53, 30, 'калектив'),
	(54, 31, 'калекция'),
	(55, 31, 'каллекция'),
	(56, 31, 'колекция'),
	(57, 32, 'калхоз'),
	(58, 33, 'камбайн'),
	(59, 34, 'камета'),
	(60, 35, 'комисия'),
	(61, 35, 'камисия'),
	(62, 35, 'каммисия'),
	(63, 36, 'комнота'),
	(64, 37, 'кампот'),
	(65, 38, 'кампьютер'),
	(66, 38, 'компьютэр'),
	(67, 39, 'канверт'),
	(68, 40, 'канфета'),
	(69, 40, 'комфета'),
	(70, 41, 'канцерт'),
	(71, 42, 'каньки'),
	(72, 43, 'карабль'),
	(73, 43, 'карабель'),
	(74, 44, 'карзина'),
	(75, 45, 'каридор'),
	(76, 45, 'каредор'),
	(77, 45, 'коредор'),
	(78, 46, 'каричневый'),
	(79, 47, 'карова'),
	(80, 48, 'кореспондент'),
	(81, 48, 'кареспондент'),
	(82, 48, 'карреспондент'),
	(83, 49, 'космас'),
	(84, 50, 'кастюм'),
	(85, 51, 'кастер'),
	(86, 52, 'кателок'),
	(87, 53, 'каклета'),
	(88, 53, 'коклета'),
	(89, 53, 'катлета'),
	(90, 54, 'качан'),
	(91, 55, 'качевник'),
	(92, 56, 'качерышка'),
	(93, 56, 'кочерышка'),
	(94, 56, 'качирышка'),
	(96, 57, 'качующий'),
	(97, 58, 'кросивый'),
	(98, 59, 'кристал'),
	(99, 59, 'крестал'),
	(100, 59, 'кресталл'),
	(101, 60, 'кравать'),
	(102, 61, 'крокадил'),
	(103, 61, 'кракадил'),
	(104, 62, 'крассворд'),
	(105, 62, 'кросфорд'),
	(106, 62, 'крассфорд'),
	(107, 63, 'красовки'),
	(110, 64, 'лагирь'),
	(111, 65, 'лодони'),
	(112, 66, 'лодоши'),
	(113, 67, 'лозурный'),
	(114, 68, 'лигенда'),
	(115, 69, 'лигко'),
	(116, 69, 'лехко'),
	(117, 69, 'лихко'),
	(118, 70, 'лесница'),
	(119, 70, 'лестнеца'),
	(121, 71, 'леловый'),
	(122, 72, 'локамотив'),
	(123, 72, 'лакомотив'),
	(124, 72, 'лакаматив'),
	(125, 73, 'лапата'),
	(126, 74, 'лапух'),
	(127, 75, 'москва'),
	(128, 75, 'Масква'),
	(129, 75, 'масква'),
	(130, 76, 'магозин'),
	(131, 76, 'могозин'),
	(132, 76, 'могазин'),
	(133, 77, 'могнитофон'),
	(134, 77, 'могнитафан'),
	(135, 77, 'магнитафон'),
	(136, 78, 'мокет'),
	(137, 79, 'мокушка'),
	(138, 80, 'молина'),
	(139, 81, 'мальчек'),
	(140, 82, 'моляр'),
	(141, 83, 'мондарин'),
	(142, 83, 'мондорин'),
	(143, 83, 'мандорин'),
	(144, 84, 'моршрут'),
	(145, 85, 'маштаб'),
	(146, 85, 'мосштаб'),
	(147, 85, 'моштаб'),
	(148, 86, 'мач'),
	(149, 87, 'мошина'),
	(150, 88, 'мояк'),
	(151, 89, 'мебиль'),
	(152, 90, 'мидальйон'),
	(153, 90, 'медальйон'),
	(154, 90, 'мидальон'),
	(155, 91, 'мидведь'),
	(156, 91, 'медветь'),
	(157, 91, 'мидветь'),
	(158, 92, 'месиц'),
	(159, 93, 'метал'),
	(160, 93, 'митал'),
	(161, 93, 'миталл'),
	(162, 94, 'митафора'),
	(163, 95, 'митро'),
	(164, 96, 'мичта'),
	(165, 97, 'милион'),
	(166, 97, 'меллион'),
	(167, 97, 'мелион'),
	(168, 98, 'магучий'),
	(169, 99, 'можевельник'),
	(170, 99, 'можевеллник'),
	(171, 100, 'малоко'),
	(172, 100, 'малако'),
	(173, 100, 'молако'),
	(174, 101, 'малаток'),
	(175, 101, 'молаток'),
	(176, 101, 'малоток'),
	(177, 102, 'моналог'),
	(178, 102, 'маналог'),
	(179, 102, 'манолог'),
	(180, 103, 'марковь'),
	(181, 103, 'моркофь'),
	(182, 103, 'маркофь'),
	(183, 104, 'мароженое'),
	(184, 104, 'мороженное'),
	(185, 104, 'мароденное'),
	(186, 105, 'марос'),
	(187, 105, 'морос'),
	(188, 105, 'марос'),
	(189, 106, 'муровей'),
	(190, 107, 'мякодь'),
	(191, 107, 'мякать'),
	(192, 108, 'мятеш'),
	(193, 108, 'митеж'),
	(194, 108, 'митеш'),
	(195, 57, 'кочюющий'),
	(196, 63, 'кросовки'),
	(197, 109, 'нозад'),
	(198, 109, 'назат'),
	(199, 110, 'на кануне'),
	(200, 110, 'наконуне'),
	(201, 110, 'нокануне'),
	(202, 110, 'на конуне'),
	(203, 110, 'наконуни'),
	(204, 111, 'на лево'),
	(205, 111, 'налева'),
	(206, 111, 'на лева'),
	(207, 112, 'на право'),
	(208, 112, 'направа'),
	(209, 112, 'на права'),
	(210, 113, 'нород'),
	(211, 114, 'не годовать'),
	(212, 114, 'негодавать'),
	(213, 114, 'не годавать'),
	(214, 114, 'нигодовать'),
	(215, 114, 'нигодавать'),
	(216, 115, 'ниделя'),
	(217, 116, 'не дорось'),
	(218, 116, 'недорасаль'),
	(219, 116, 'недоросаль'),
	(220, 116, 'не дорасль'),
	(221, 117, 'недаумивать'),
	(222, 117, 'недоумивать'),
	(223, 117, 'недаумивать'),
	(224, 117, 'не доумивать'),
	(225, 117, 'не даумивать'),
	(226, 118, 'неновидеть'),
	(227, 118, 'нинавидеть'),
	(228, 118, 'не навидеть'),
	(229, 118, 'ниновидеть'),
	(230, 118, 'ни навидеть'),
	(231, 119, 'не обычный'),
	(232, 119, 'неабычный'),
	(233, 119, 'не абычный'),
	(234, 120, 'не приятель'),
	(235, 120, 'ниприятель'),
	(236, 120, 'ни приятель'),
	(237, 120, 'непреятель'),
	(238, 120, 'нипреятель'),
	(239, 121, 'ниуклюже'),
	(240, 121, 'не уклюже'),
	(241, 121, 'ни уклюже'),
	(242, 122, 'наябарь'),
	(243, 122, 'ноябарь'),
	(244, 123, 'не уклюжий'),
	(245, 123, 'ниуклюжий'),
	(246, 123, 'ни уклюжий'),
	(247, 123, 'неуклюжый'),
	(248, 124, 'абед'),
	(249, 124, 'обет'),
	(250, 124, 'абет'),
	(251, 125, 'обиригать'),
	(252, 125, 'аберегать'),
	(253, 125, 'абиригать'),
	(254, 125, 'аберигать'),
	(255, 126, 'абидеть'),
	(256, 127, 'абиталеть'),
	(257, 127, 'абетатель'),
	(258, 127, 'обетатель'),
	(259, 127, 'обитатиль'),
	(260, 128, 'облоко'),
	(261, 129, 'абаняние'),
	(262, 129, 'абоняние'),
	(263, 129, 'обаняние'),
	(264, 130, 'обарона'),
	(265, 130, 'абарона'),
	(266, 130, 'аборона'),
	(267, 131, 'обрас'),
	(268, 132, 'оващи'),
	(269, 133, 'авощной'),
	(270, 133, 'аващной'),
	(271, 133, 'оващьной'),
	(272, 133, 'овощьной'),
	(273, 133, 'авощьной'),
	(274, 134, 'авраг'),
	(275, 135, 'авес'),
	(276, 136, 'агарагод'),
	(277, 136, 'огарод'),
	(278, 136, 'агород'),
	(279, 137, 'агурец'),
	(280, 138, 'адежда'),
	(281, 139, 'одинадцать'),
	(282, 139, 'одинадцадь'),
	(283, 139, 'одиннадцадь'),
	(284, 139, 'адинадцать'),
	(285, 140, 'аднажды'),
	(286, 141, 'однофамилиц'),
	(287, 141, 'однафамилец'),
	(288, 141, 'однафамилец'),
	(289, 142, 'азарник'),
	(290, 142, 'азорник'),
	(291, 142, 'озарник'),
	(292, 143, 'акеан'),
	(293, 144, 'окало'),
	(294, 145, 'актябрь'),
	(295, 146, 'оловяный'),
	(296, 146, 'аловянный'),
	(297, 146, 'олавяный'),
	(298, 146, 'олавянный'),
	(299, 146, 'алавянный'),
	(300, 147, 'апрятный'),
	(301, 148, 'аптимизм'),
	(302, 148, 'оптецизм'),
	(303, 148, 'аптемизм'),
	(304, 149, 'апушка'),
	(305, 150, 'арех'),
	(306, 151, 'арнамент'),
	(307, 151, 'орнаминт'),
	(308, 151, 'арнаминт'),
	(309, 152, 'асина'),
	(310, 153, 'астоновка'),
	(311, 153, 'астановка'),
	(312, 154, 'атвага'),
	(313, 155, 'атец'),
	(314, 156, 'атечество'),
	(315, 157, 'атражение'),
	(316, 157, 'атрожение'),
	(317, 158, 'отрасаль'),
	(318, 158, 'отросль'),
	(319, 158, 'отросаль'),
	(320, 159, 'аттенок'),
	(321, 160, 'ачевидец'),
	(322, 160, 'очивидец'),
	(323, 160, 'ачивидец'),
	(324, 161, 'ашеломить'),
	(325, 161, 'ошиломить'),
	(326, 161, 'ашиломить'),
	(327, 162, 'зобавы'),
	(328, 163, 'завот'),
	(329, 163, 'зовод'),
	(330, 163, 'зовот'),
	(331, 164, 'завтрок'),
	(332, 165, 'загатовка'),
	(333, 165, 'заготофка'),
	(334, 165, 'загатофка'),
	(335, 166, 'запод'),
	(336, 167, 'запаведник'),
	(337, 168, 'запарашить'),
	(338, 168, 'зопорошить'),
	(339, 168, 'зопарашить'),
	(340, 169, 'зароботок'),
	(341, 170, 'заресовка'),
	(342, 170, 'зарисофка'),
	(343, 171, 'засикретить'),
	(344, 172, 'засеить'),
	(345, 173, 'заиц'),
	(346, 174, 'сдание'),
	(347, 175, 'сдесь'),
	(348, 176, 'здаровье'),
	(349, 177, 'землиделие'),
	(351, 177, 'зимлиделие'),
	(352, 177, 'зимледелие'),
	(355, 178, 'зимлиника'),
	(356, 178, 'земленика'),
	(358, 179, 'знакометься'),
	(359, 179, 'знокомится'),
	(360, 179, 'знакомется'),
	(361, 180, 'игарь'),
	(362, 180, 'игорь'),
	(363, 180, 'Игарь'),
	(364, 181, 'ивалга'),
	(365, 182, 'излажение'),
	(366, 183, 'изоброжение'),
	(367, 184, 'изумитильный'),
	(368, 185, 'изумрутный'),
	(369, 186, 'илюминация'),
	(370, 186, 'иллюминнация'),
	(371, 186, 'илюминнация'),
	(372, 187, 'илюстрация'),
	(373, 188, 'иний'),
	(374, 189, 'инжинер'),
	(375, 190, 'инециатива'),
	(376, 191, 'инециатор'),
	(377, 192, 'интелигент'),
	(378, 192, 'интелегент'),
	(379, 192, 'интеллегент'),
	(380, 193, 'интанация'),
	(381, 194, 'инфармация'),
	(382, 195, 'искрений'),
	(383, 196, 'искуство'),
	(384, 196, 'исскуство'),
	(385, 196, 'исскусство'),
	(386, 197, 'иссполин'),
	(387, 197, 'испалин'),
	(388, 197, 'исспалин'),
	(389, 198, 'ежимесячно'),
	(390, 199, 'ежинедельник'),
	(391, 200, 'есдить'),
	(392, 200, 'ездеть'),
	(393, 200, 'есдеть'),
	(394, 201, 'жилание'),
	(395, 202, 'жилать'),
	(396, 203, 'жилезо'),
	(397, 204, 'женщена'),
	(398, 205, 'живапись'),
	(399, 206, 'жевотное'),
	(400, 207, 'желет'),
	(401, 208, 'желище'),
	(402, 209, 'жужать'),
	(403, 210, 'жури'),
	(404, 211, 'австралия'),
	(405, 211, 'афстралия'),
	(406, 211, 'Афстралия'),
	(407, 212, 'азия'),
	(408, 213, 'антарктида'),
	(409, 213, 'онтарктида'),
	(410, 213, 'Онтарктида'),
	(411, 214, 'африка'),
	(412, 215, 'овитаминоз'),
	(413, 215, 'аветаминоз'),
	(414, 216, 'афтобус'),
	(415, 216, 'овтобус'),
	(416, 217, 'автамобиль'),
	(417, 217, 'овтамобиль'),
	(418, 217, 'овтомобиль'),
	(419, 218, 'аграном'),
	(420, 218, 'ограном'),
	(421, 218, 'огроном'),
	(422, 219, 'аддрес'),
	(423, 219, 'адресс'),
	(424, 219, 'аддресс'),
	(425, 219, 'адрис'),
	(426, 220, 'акорд'),
	(427, 220, 'оккорд'),
	(428, 220, 'окорд'),
	(429, 221, 'акуратно'),
	(430, 221, 'окуратно'),
	(431, 221, 'оккуратно'),
	(432, 222, 'октивный'),
	(433, 223, 'алея'),
	(434, 223, 'олея'),
	(435, 223, 'оллея'),
	(436, 224, 'олмаз'),
	(437, 225, 'ольбом'),
	(438, 226, 'ононас'),
	(439, 226, 'анонас'),
	(440, 226, 'онанас'),
	(441, 227, 'анегдот'),
	(442, 227, 'онекдот'),
	(443, 227, 'онегдот'),
	(444, 228, 'опельсин'),
	(445, 228, 'апильсине'),
	(446, 228, 'опильсин'),
	(447, 229, 'апеттит'),
	(448, 229, 'оппетит'),
	(449, 229, 'опетит'),
	(450, 229, 'апетит'),
	(451, 230, 'оппликация'),
	(452, 230, 'апликация'),
	(453, 230, 'опликация'),
	(454, 230, 'апплекация'),
	(455, 230, 'аплекация'),
	(456, 231, 'опрель'),
	(457, 232, 'орбуз'),
	(458, 232, 'арбус'),
	(459, 233, 'орена'),
	(460, 234, 'орамат'),
	(461, 234, 'оромат'),
	(462, 235, 'артилерия'),
	(463, 235, 'ортилерия'),
	(464, 235, 'ортиллерия'),
	(465, 236, 'ортист'),
	(466, 237, 'отелье'),
	(467, 238, 'отлет'),
	(468, 239, 'офиша'),
	(469, 240, 'оптека'),
	(470, 241, 'богаж'),
	(471, 241, 'багаш'),
	(472, 242, 'богрянец'),
	(473, 242, 'баграниц'),
	(474, 242, 'бограниц'),
	(475, 243, 'боклажан'),
	(476, 243, 'бокложан'),
	(477, 243, 'бакложан'),
	(478, 244, 'болет'),
	(479, 245, 'болкон'),
	(480, 246, 'борабан'),
	(481, 246, 'баробан'),
	(482, 246, 'боробан'),
	(483, 247, 'боскетбол'),
	(484, 247, 'баскитбол'),
	(485, 247, 'боскитбол'),
	(486, 248, 'боян'),
	(487, 249, 'бигемот'),
	(488, 249, 'бегимот'),
	(489, 249, 'бигимот'),
	(490, 250, 'бериг'),
	(491, 250, 'берек'),
	(492, 251, 'биречь'),
	(493, 251, 'береч'),
	(494, 251, 'биреч'),
	(495, 252, 'биреза'),
	(496, 253, 'биседа'),
	(497, 254, 'биседовать'),
	(498, 255, 'беблиотека'),
	(499, 255, 'библеотека'),
	(500, 256, 'белет'),
	(501, 257, 'бенокль'),
	(502, 257, 'биноколь'),
	(503, 257, 'беноколь'),
	(504, 258, 'беография'),
	(505, 259, 'берюзовый'),
	(506, 259, 'бирюсовый'),
	(507, 259, 'берюсовый'),
	(508, 260, 'багатство'),
	(509, 261, 'балото'),
	(510, 262, 'барозда'),
	(511, 262, 'баразда'),
	(512, 262, 'боразда'),
	(513, 263, 'батинки'),
	(514, 264, 'брашюра'),
	(515, 264, 'брошура'),
	(516, 264, 'брашура'),
	(517, 265, 'бульдосер'),
	(518, 266, 'в дикабре'),
	(519, 266, 'вдекабре'),
	(520, 266, 'вдикабре'),
	(521, 267, 'вноябре'),
	(522, 268, 'вогон'),
	(523, 269, 'валинки'),
	(524, 270, 'варешки'),
	(525, 271, 'ввирху'),
	(526, 271, 'в верху'),
	(527, 271, 'в вирху'),
	(528, 272, 'веть'),
	(529, 273, 'вежлевый'),
	(530, 274, 'весде'),
	(531, 274, 'визде'),
	(532, 274, 'висде'),
	(533, 275, 'велагонки'),
	(534, 276, 'веласипед'),
	(535, 277, 'вистибюль'),
	(536, 277, 'вестебюль'),
	(537, 277, 'вистебюль'),
	(538, 278, 'ветир'),
	(539, 279, 'витеран'),
	(540, 279, 'витиран'),
	(541, 279, 'ветиран'),
	(542, 280, 'векторина'),
	(543, 280, 'виктарина'),
	(544, 280, 'вектарина'),
	(545, 281, 'венегрет'),
	(546, 281, 'венигрет'),
	(547, 281, 'винигрет'),
	(548, 282, 'ветамин'),
	(549, 282, 'витомин'),
	(550, 282, 'ветомин'),
	(551, 283, 'ветрина'),
	(552, 284, 'в лево'),
	(553, 285, 'в низу'),
	(554, 285, 'внезу'),
	(555, 285, 'в незу'),
	(556, 286, 'внемание'),
	(557, 286, 'вниманее'),
	(558, 286, 'внеманее'),
	(559, 287, 'водарасли'),
	(560, 287, 'водаросли'),
	(561, 287, 'водорасли'),
	(562, 288, 'вакзал'),
	(563, 288, 'вогзал'),
	(564, 288, 'вагзал'),
	(565, 289, 'вакруг'),
	(566, 290, 'валшебник'),
	(567, 291, 'варобей'),
	(568, 291, 'ворабей'),
	(570, 291, 'варабей'),
	(571, 292, 'восимь'),
	(572, 293, 'васкресение'),
	(573, 293, 'воскресение'),
	(574, 293, 'васкресенье'),
	(575, 294, 'васток'),
	(576, 295, 'впериди'),
	(577, 295, 'впириди'),
	(578, 295, 'в переди'),
	(579, 295, 'в периди'),
	(580, 296, 'в право'),
	(581, 297, 'в скоре'),
	(582, 298, 'вчира'),
	(583, 299, 'вырожение'),
	(584, 300, 'гозета'),
	(585, 301, 'голерея'),
	(586, 301, 'галлерея'),
	(587, 301, 'голлерея'),
	(588, 301, 'галирея'),
	(589, 301, 'голирея'),
	(590, 302, 'гардероп'),
	(591, 302, 'гардироб'),
	(592, 302, 'гардироп'),
	(593, 303, 'гормония'),
	(594, 304, 'гваздика'),
	(595, 305, 'гирой'),
	(596, 306, 'гемназия'),
	(597, 307, 'гетара'),
	(598, 308, 'гладеолус'),
	(599, 308, 'глодиолус'),
	(600, 308, 'глодеолус'),
	(601, 309, 'гареть'),
	(602, 310, 'гаризонт'),
	(603, 310, 'грезонт'),
	(604, 310, 'гарезонт'),
	(605, 311, 'горад'),
	(606, 311, 'горот'),
	(607, 312, 'гарох'),
	(608, 313, 'гарячий'),
	(609, 314, 'гатовить'),
	(610, 315, 'граматика'),
	(611, 315, 'громматика'),
	(612, 315, 'громатика'),
	(613, 316, 'граматный'),
	(614, 317, 'гриметь'),
	(615, 318, 'гримучий'),
	(616, 319, 'гесанница'),
	(617, 319, 'гусенеца'),
	(618, 319, 'гисеннеца'),
	(619, 320, 'дед Мароз'),
	(620, 320, 'дед мороз'),
	(621, 320, 'Дед Мароз'),
	(622, 321, 'двинадцать'),
	(623, 321, 'двинацадь'),
	(624, 321, 'двенацадь'),
	(625, 322, 'девачка'),
	(626, 323, 'дижурный'),
	(627, 324, 'дикабрь'),
	(628, 324, 'декабарь'),
	(629, 324, 'дикабарь'),
	(630, 325, 'делликатный'),
	(631, 325, 'деликаттный'),
	(632, 325, 'диликатный'),
	(633, 325, 'диликаттный'),
	(634, 325, 'диликкатный'),
	(635, 326, 'диревня'),
	(636, 327, 'деревяный'),
	(637, 327, 'диревянный'),
	(638, 327, 'диривяный'),
	(639, 327, 'диривянный'),
	(640, 327, 'деривянный'),
	(641, 328, 'деалог'),
	(642, 329, 'деван'),
	(643, 330, 'дектант'),
	(644, 331, 'деректор'),
	(645, 332, 'дерижер'),
	(646, 332, 'дережер'),
	(647, 332, 'дирежер'),
	(648, 332, 'дирижор'),
	(649, 332, 'дерижор'),
	(650, 333, 'дестанция'),
	(653, 334, 'до сведания'),
	(654, 335, 'даверие'),
	(655, 336, 'дарога'),
	(656, 337, 'дриссеровщик'),
	(657, 337, 'дресировщик'),
	(658, 337, 'дрисеровщик'),
	(659, 337, 'дрессеровщик'),
	(660, 338, 'дятил'),
	(661, 334, 'досвидания'),
	(663, 334, 'досведания'),
	(664, 334, 'до свиданья'),
	(665, 334, 'досвиданья'),
	(666, 339, 'до верять'),
	(667, 339, 'довирять'),
	(668, 339, 'до вирять'),
	(669, 340, 'повильон'),
	(670, 340, 'павилион'),
	(671, 340, 'повилион'),
	(672, 341, 'польто'),
	(673, 342, 'понсионат'),
	(674, 342, 'пансеонат'),
	(675, 342, 'понсеонат'),
	(676, 343, 'парашут'),
	(677, 343, 'порашют'),
	(678, 343, 'порашут'),
	(679, 344, 'поркет'),
	(680, 345, 'пороль'),
	(681, 346, 'пасажир'),
	(682, 346, 'поссажир'),
	(683, 346, 'посажир'),
	(684, 347, 'поссивный'),
	(685, 347, 'пасивный'),
	(686, 347, 'посивный'),
	(687, 348, 'пасбище'),
	(688, 349, 'постух'),
	(689, 350, 'потрон'),
	(690, 351, 'поук'),
	(691, 352, 'поутина'),
	(692, 353, 'пийзаж'),
	(693, 354, 'пинал'),
	(694, 355, 'писок'),
	(695, 356, 'писсимизм'),
	(696, 356, 'песимизм'),
	(697, 356, 'писимизм'),
	(698, 357, 'писчаный'),
	(699, 357, 'пестчаный'),
	(700, 357, 'пистчаный'),
	(701, 358, 'питух'),
	(702, 359, 'пеанино'),
	(703, 360, 'пенгвин'),
	(704, 361, 'печужка'),
	(705, 361, 'пичушка'),
	(706, 361, 'печушка'),
	(707, 362, 'плоток'),
	(708, 363, 'плотформа'),
	(709, 364, 'пельмянник'),
	(710, 364, 'плимянник'),
	(711, 364, 'пильманник'),
	(712, 364, 'племяник'),
	(713, 364, 'плимяник'),
	(714, 365, 'позаячьи'),
	(715, 365, 'по заячьи'),
	(716, 366, 'по кабаньи'),
	(717, 366, 'покабаньи'),
	(718, 367, 'помоему'),
	(719, 367, 'по моему'),
	(720, 368, 'пособачьи'),
	(721, 368, 'по собачьи'),
	(722, 369, 'по-солдацки'),
	(723, 369, 'посолдатски'),
	(724, 369, 'по солдатски'),
	(725, 369, 'по солдацки'),
	(726, 369, 'посолдацки'),
	(727, 370, 'по товарищески'),
	(728, 370, 'потоварищески'),
	(729, 370, 'по-таварищески'),
	(730, 370, 'потаварищески'),
	(731, 371, 'пабеда'),
	(732, 372, 'павествовательный'),
	(733, 372, 'павествавательный'),
	(734, 372, 'повествавательный'),
	(735, 373, 'пагода'),
	(736, 374, 'пагожий денек'),
	(737, 374, 'погожий динек'),
	(738, 374, 'пагожий динек'),
	(739, 375, 'пагремушка'),
	(740, 375, 'погримушка'),
	(741, 375, 'пагримушка'),
	(742, 376, 'подготовка'),
	(743, 376, 'подгатовка'),
	(744, 376, 'падгатовка'),
	(745, 377, 'падарожник'),
	(746, 377, 'подарожник'),
	(747, 377, 'падорожник'),
	(748, 378, 'падосиновик'),
	(749, 378, 'подасиновик'),
	(750, 378, 'падасиновик'),
	(751, 378, 'под осиновик'),
	(752, 378, 'под асиновик'),
	(753, 379, 'пожалуйсто'),
	(754, 379, 'пажалуйста'),
	(755, 379, 'пажалуйсто'),
	(756, 380, 'покаление'),
	(757, 380, 'пакаление'),
	(758, 381, 'памидор'),
	(759, 381, 'помедор'),
	(760, 381, 'памедор'),
	(761, 382, 'панедельник'),
	(762, 382, 'понидельник'),
	(763, 382, 'панидельник'),
	(764, 383, 'паразительный'),
	(765, 383, 'порозительный'),
	(766, 383, 'парозительный'),
	(767, 383, 'поразитильный'),
	(768, 383, 'паразитильный'),
	(769, 384, 'пароша'),
	(770, 385, 'партрет'),
	(771, 386, 'пархать'),
	(772, 387, 'пасуда'),
	(773, 388, 'патом'),
	(774, 389, 'паэзия'),
	(775, 390, 'провительство'),
	(776, 390, 'правитильство'),
	(777, 390, 'провитильство'),
	(778, 391, 'придседатель'),
	(779, 391, 'предсидатель'),
	(780, 391, 'придсидатель'),
	(781, 392, 'прикрасный'),
	(782, 392, 'прекрастный'),
	(783, 392, 'прикрастный'),
	(784, 393, 'принебрегать'),
	(785, 393, 'принибрегать'),
	(786, 393, 'пренибрегать'),
	(788, 394, 'препенание'),
	(789, 394, 'припенание'),
	(790, 395, 'приподавать'),
	(791, 395, 'препадавать'),
	(792, 395, 'припадавать'),
	(793, 396, 'пребор'),
	(794, 397, 'превет'),
	(795, 398, 'прекроватный'),
	(796, 398, 'прикраватный'),
	(797, 398, 'прекраватный'),
	(798, 399, 'премер'),
	(799, 400, 'преметевный'),
	(800, 400, 'премитивный'),
	(801, 400, 'приметивный'),
	(802, 401, 'преобрести'),
	(803, 401, 'приобристи'),
	(804, 401, 'преобристи'),
	(805, 402, 'прерода'),
	(806, 403, 'преродоведение'),
	(807, 403, 'преродаведение'),
	(808, 403, 'природаведение'),
	(809, 404, 'пречина'),
	(811, 405, 'прапаганда'),
	(812, 405, 'прапоганда'),
	(813, 406, 'проффессия'),
	(814, 406, 'професия'),
	(815, 406, 'прафесия'),
	(816, 406, 'проффесия'),
	(817, 406, 'прафессия'),
	(819, 407, 'путешественик'),
	(820, 407, 'путешевственик'),
	(821, 408, 'пшиница'),
	(822, 409, 'пятнеца'),
	(823, 410, 'почтальен'),
	(824, 410, 'почтольон'),
	(825, 410, 'почтольен'),
	(826, 405, 'пропоганда'),
	(827, 407, 'путешевственник'),
	(828, 394, 'припинание'),
	(829, 411, 'Росия'),
	(830, 411, 'Рассия'),
	(831, 411, 'россия'),
	(832, 412, 'робота'),
	(833, 413, 'ровнина'),
	(834, 414, 'ройон'),
	(835, 415, 'рокета'),
	(836, 416, 'рапарт'),
	(837, 417, 'россказ'),
	(838, 417, 'расказ'),
	(839, 417, 'росказ'),
	(840, 418, 'растояние'),
	(841, 418, 'росстояние'),
	(842, 419, 'ростение'),
	(843, 420, 'рибята'),
	(845, 421, 'риволюция'),
	(846, 421, 'ривалюция'),
	(847, 422, 'рижиссер'),
	(848, 422, 'режисер'),
	(849, 422, 'рижисер'),
	(853, 424, 'римень'),
	(854, 425, 'риспублика'),
	(855, 426, 'ришебник'),
	(856, 427, 'ришительный'),
	(857, 427, 'решитильный'),
	(858, 427, 'ришитильный'),
	(859, 428, 'ресунок'),
	(860, 429, 'родена'),
	(861, 430, 'рамашка'),
	(862, 431, 'рюгзак'),
	(863, 431, 'рюкзаг'),
	(864, 431, 'рюгзаг'),
	(865, 432, 'рибина'),
	(866, 421, 'револлюция'),
	(867, 421, 'риволлюция'),
	(868, 423, 'реккорд'),
	(869, 433, 'саласки'),
	(870, 433, 'солазки'),
	(871, 433, 'соласки'),
	(872, 434, 'солют'),
	(873, 435, 'сомолет'),
	(874, 435, 'сомалет'),
	(875, 435, 'сомолет'),
	(876, 436, 'сопоги'),
	(877, 436, 'сапаги'),
	(878, 436, 'сопаги'),
	(879, 437, 'сотира'),
	(880, 438, 'сахор'),
	(881, 439, 'свиркать'),
	(882, 440, 'свитлячки'),
	(883, 440, 'светлечки'),
	(884, 440, 'свитлечки'),
	(885, 441, 'сведетель'),
	(886, 441, 'свидетиль'),
	(887, 442, 'свабода'),
	(888, 443, 'згиб'),
	(889, 444, 'сианс'),
	(890, 445, 'севир'),
	(891, 446, 'севодня'),
	(892, 446, 'сигодня'),
	(893, 446, 'сиводня'),
	(894, 447, 'сийчас'),
	(895, 448, 'сикрет'),
	(896, 449, 'симена'),
	(897, 450, 'синтябрь'),
	(898, 450, 'сентябарь'),
	(899, 450, 'синтябарь'),
	(900, 451, 'сиребристый'),
	(901, 451, 'сирибристый'),
	(902, 451, 'серибристый'),
	(907, 453, 'сеилка'),
	(908, 453, 'сеелка'),
	(909, 454, 'сегнал'),
	(910, 455, 'сеница'),
	(911, 455, 'синитца'),
	(912, 455, 'сенитца'),
	(913, 456, 'серень'),
	(914, 457, 'сеяние'),
	(915, 458, 'сеять'),
	(916, 459, 'скомейка'),
	(917, 460, 'скарпион'),
	(918, 461, 'с лева'),
	(919, 462, 'слышить'),
	(920, 462, 'слышеть'),
	(921, 463, 'сабака'),
	(922, 464, 'салдат'),
	(923, 465, 'саловей'),
	(924, 465, 'салавей'),
	(925, 465, 'солавей'),
	(926, 466, 'салома'),
	(927, 467, 'саревнаваться'),
	(928, 467, 'соревнаваться'),
	(929, 467, 'саревноваться'),
	(930, 468, 'сарока'),
	(931, 469, 'састязание'),
	(932, 470, 'сасулька'),
	(933, 471, 'сачинение'),
	(934, 472, 'спартокиада'),
	(935, 472, 'спартакеада'),
	(936, 473, 'спасиба'),
	(937, 473, 'спосиба'),
	(938, 473, 'спосибо'),
	(939, 474, 'спиктакль'),
	(940, 474, 'спектакаль'),
	(941, 474, 'спиктакаль'),
	(942, 475, 'спорцмен'),
	(943, 476, 'с права'),
	(944, 477, 'спроведливый'),
	(945, 477, 'справидливый'),
	(946, 477, 'спровидливый'),
	(947, 478, 'спрегать'),
	(948, 478, 'спригать'),
	(949, 479, 'сприжение'),
	(950, 479, 'спрежение'),
	(951, 480, 'стодион'),
	(952, 481, 'стокан'),
	(953, 482, 'стихотварение'),
	(954, 483, 'сталица'),
	(955, 484, 'стрикоза'),
	(956, 485, 'стримиться'),
	(957, 485, 'стрямиться'),
	(958, 486, 'субота'),
	(959, 452, 'серебрянный'),
	(960, 452, 'сиребрянный'),
	(961, 452, 'сиребренный'),
	(962, 487, 'толант'),
	(963, 488, 'торелка'),
	(964, 489, 'тиатр'),
	(965, 489, 'театар'),
	(966, 490, 'тилевизор'),
	(967, 490, 'теливизор'),
	(968, 490, 'телевизар'),
	(969, 491, 'тилевфон'),
	(970, 491, 'тилифон'),
	(971, 492, 'тимпература'),
	(972, 492, 'тимпиратура'),
	(973, 492, 'темпиратура'),
	(974, 493, 'типерь'),
	(975, 494, 'теплавоз'),
	(976, 495, 'терариум'),
	(977, 495, 'терарриум'),
	(978, 496, 'тераса'),
	(979, 496, 'терасса'),
	(980, 496, 'террасса'),
	(981, 497, 'територия'),
	(982, 497, 'територрия'),
	(983, 498, 'титрадь'),
	(984, 498, 'тетрать'),
	(985, 498, 'титрать'),
	(986, 499, 'таварищ'),
	(987, 500, 'тона'),
	(988, 501, 'тапор'),
	(989, 502, 'трактар'),
	(990, 503, 'транвай'),
	(991, 503, 'тромвай'),
	(992, 503, 'тронвай'),
	(993, 504, 'тронкскрипция'),
	(994, 505, 'тренир'),
	(995, 506, 'тренероваться'),
	(996, 507, 'тролейбус'),
	(997, 507, 'траллейбус'),
	(998, 507, 'тралейбус'),
	(999, 508, 'тресина'),
	(1000, 508, 'трисина'),
	(1001, 509, 'трехкалесный'),
	(1002, 509, 'трехколестный'),
	(1003, 510, 'убиждение'),
	(1004, 511, 'увидять'),
	(1005, 511, 'увидить'),
	(1006, 512, 'ужен'),
	(1007, 513, 'улитца'),
	(1008, 514, 'уневерситет'),
	(1009, 514, 'универсетет'),
	(1010, 514, 'уневерсетет'),
	(1011, 515, 'упрожнение'),
	(1012, 516, 'уроган'),
	(1013, 517, 'уражай'),
	(1014, 518, 'учиник'),
	(1015, 519, 'учитиль'),
	(1016, 520, 'фомилия'),
	(1017, 521, 'фонтазия'),
	(1018, 522, 'фонтастика'),
	(1019, 523, 'фосоль'),
	(1020, 524, 'фивраль'),
	(1021, 525, 'феерверк'),
	(1022, 525, 'фиерверк'),
	(1023, 526, 'фегура'),
	(1024, 527, 'финеш'),
	(1025, 528, 'феолетовый'),
	(1026, 529, 'фое'),
	(1027, 530, 'фальга'),
	(1028, 531, 'фанарщик'),
	(1029, 532, 'фанарь'),
	(1030, 533, 'фантан'),
	(1031, 534, 'фотоапарат'),
	(1032, 534, 'фотааппарат'),
	(1033, 534, 'фотаапарат'),
	(1034, 535, 'фрозеологизм'),
	(1035, 535, 'фразиологизм'),
	(1036, 535, 'фрозиологизм'),
	(1037, 536, 'фудбол'),
	(1038, 537, 'харитонов'),
	(1039, 537, 'Хоритонов'),
	(1040, 538, 'хлебароб'),
	(1041, 538, 'хлебороп'),
	(1042, 539, 'хазайство'),
	(1043, 540, 'хаккей'),
	(1044, 540, 'хокей'),
	(1045, 540, 'хакей'),
	(1046, 541, 'харашо'),
	(1047, 541, 'хорашо'),
	(1048, 541, 'харошо'),
	(1049, 542, 'цетата'),
	(1050, 543, 'челавечество'),
	(1051, 543, 'чилавечество'),
	(1052, 543, 'чиловечество'),
	(1053, 544, 'читверг'),
	(1054, 544, 'четверк'),
	(1055, 545, 'чихол'),
	(1056, 546, 'чишуя'),
	(1057, 547, 'чуствовать'),
	(1058, 547, 'чувствавать'),
	(1059, 547, 'чуствавать'),
	(1060, 548, 'шотландия'),
	(1061, 548, 'Шатландия'),
	(1062, 548, 'шатландия'),
	(1063, 549, 'шомпиньон'),
	(1064, 549, 'шампиньен'),
	(1065, 549, 'шомпиньен'),
	(1066, 550, 'шеснадцать'),
	(1067, 550, 'шестнатцать'),
	(1068, 550, 'шестнадцадь'),
	(1069, 551, 'шокалад'),
	(1070, 551, 'шаколад'),
	(1071, 551, 'шакалад'),
	(1072, 551, 'шоколат'),
	(1073, 552, 'шассе'),
	(1074, 552, 'шосе'),
	(1075, 552, 'шасе'),
	(1076, 553, 'шафер'),
	(1077, 554, 'шпеон'),
	(1078, 555, 'эгаизм'),
	(1079, 556, 'эгзамен'),
	(1080, 556, 'экзамин'),
	(1081, 557, 'экепаж'),
	(1082, 557, 'экипаш'),
	(1083, 558, 'иксковатор'),
	(1084, 558, 'эсковатор'),
	(1085, 558, 'экскаватар'),
	(1086, 559, 'инскурсия'),
	(1087, 559, 'эскурсия'),
	(1088, 560, 'эксперемент'),
	(1089, 560, 'экспиремент'),
	(1090, 560, 'экспиримент'),
	(1091, 561, 'экспрес'),
	(1092, 561, 'икспресс'),
	(1093, 562, 'иликтричество'),
	(1094, 562, 'эликтричество'),
	(1095, 562, 'илектричество'),
	(1096, 563, 'илектровоз'),
	(1097, 563, 'электравоз'),
	(1098, 564, 'электрастанция'),
	(1099, 565, 'инергия'),
	(1100, 566, 'икскалатор'),
	(1101, 566, 'эксколатор'),
	(1102, 567, 'искимо'),
	(1103, 567, 'эскемо'),
	(1104, 567, 'искемо'),
	(1105, 568, 'юмар'),
	(1106, 569, 'юнаша'),
	(1107, 570, 'юнай'),
	(1108, 571, 'яблако'),
	(1109, 572, 'ягада'),
	(1110, 573, 'изык'),
	(1111, 574, 'енварь'),
	(1112, 573, 'езык'),
	(1113, 575, 'ентарный'),
	(1114, 576, 'ящирица'),
	(1115, 576, 'ящеритца'),
	(1116, 566, 'экскалатор'),
	(1123, 579, 'ярузак');
/*!40000 ALTER TABLE `vocabulary_word_variant` ENABLE KEYS */;

/*!40101 SET SQL_MODE=IFNULL(@OLD_SQL_MODE, '') */;
/*!40014 SET FOREIGN_KEY_CHECKS=IFNULL(@OLD_FOREIGN_KEY_CHECKS, 1) */;
/*!40101 SET CHARACTER_SET_CLIENT=@OLD_CHARACTER_SET_CLIENT */;
/*!40111 SET SQL_NOTES=IFNULL(@OLD_SQL_NOTES, 1) */;
